--
-- PostgreSQL database dump
--

\restrict BXJNC3NM1zj2HTuw4m3Qq0SWX5i2Ef5eW7o1BuhCPNW5UOyIjILa4TgjNpTFo0K

-- Dumped from database version 17.10 (Ubuntu 17.10-0ubuntu0.25.10.1)
-- Dumped by pg_dump version 18.4 (Ubuntu 18.4-0ubuntu0.26.04.1)

SET statement_timeout = 0;
SET lock_timeout = 0;
SET idle_in_transaction_session_timeout = 0;
SET transaction_timeout = 0;
SET client_encoding = 'UTF8';
SET standard_conforming_strings = on;
SELECT pg_catalog.set_config('search_path', '', false);
SET check_function_bodies = false;
SET xmloption = content;
SET client_min_messages = warning;
SET row_security = off;

SET default_tablespace = '';

SET default_table_access_method = heap;

--
-- Name: auth_group; Type: TABLE; Schema: public; Owner: -
--

CREATE TABLE public.auth_group (
    id integer NOT NULL,
    name character varying(150) NOT NULL
);


--
-- Name: auth_group_id_seq; Type: SEQUENCE; Schema: public; Owner: -
--

ALTER TABLE public.auth_group ALTER COLUMN id ADD GENERATED BY DEFAULT AS IDENTITY (
    SEQUENCE NAME public.auth_group_id_seq
    START WITH 1
    INCREMENT BY 1
    NO MINVALUE
    NO MAXVALUE
    CACHE 1
);


--
-- Name: auth_group_permissions; Type: TABLE; Schema: public; Owner: -
--

CREATE TABLE public.auth_group_permissions (
    id bigint NOT NULL,
    group_id integer NOT NULL,
    permission_id integer NOT NULL
);


--
-- Name: auth_group_permissions_id_seq; Type: SEQUENCE; Schema: public; Owner: -
--

ALTER TABLE public.auth_group_permissions ALTER COLUMN id ADD GENERATED BY DEFAULT AS IDENTITY (
    SEQUENCE NAME public.auth_group_permissions_id_seq
    START WITH 1
    INCREMENT BY 1
    NO MINVALUE
    NO MAXVALUE
    CACHE 1
);


--
-- Name: auth_permission; Type: TABLE; Schema: public; Owner: -
--

CREATE TABLE public.auth_permission (
    id integer NOT NULL,
    name character varying(255) NOT NULL,
    content_type_id integer NOT NULL,
    codename character varying(100) NOT NULL
);


--
-- Name: auth_permission_id_seq; Type: SEQUENCE; Schema: public; Owner: -
--

ALTER TABLE public.auth_permission ALTER COLUMN id ADD GENERATED BY DEFAULT AS IDENTITY (
    SEQUENCE NAME public.auth_permission_id_seq
    START WITH 1
    INCREMENT BY 1
    NO MINVALUE
    NO MAXVALUE
    CACHE 1
);


--
-- Name: auth_user; Type: TABLE; Schema: public; Owner: -
--

CREATE TABLE public.auth_user (
    id integer NOT NULL,
    password character varying(128) NOT NULL,
    last_login timestamp with time zone,
    is_superuser boolean NOT NULL,
    username character varying(150) NOT NULL,
    first_name character varying(150) NOT NULL,
    last_name character varying(150) NOT NULL,
    email character varying(254) NOT NULL,
    is_staff boolean NOT NULL,
    is_active boolean NOT NULL,
    date_joined timestamp with time zone NOT NULL
);


--
-- Name: auth_user_groups; Type: TABLE; Schema: public; Owner: -
--

CREATE TABLE public.auth_user_groups (
    id bigint NOT NULL,
    user_id integer NOT NULL,
    group_id integer NOT NULL
);


--
-- Name: auth_user_groups_id_seq; Type: SEQUENCE; Schema: public; Owner: -
--

ALTER TABLE public.auth_user_groups ALTER COLUMN id ADD GENERATED BY DEFAULT AS IDENTITY (
    SEQUENCE NAME public.auth_user_groups_id_seq
    START WITH 1
    INCREMENT BY 1
    NO MINVALUE
    NO MAXVALUE
    CACHE 1
);


--
-- Name: auth_user_id_seq; Type: SEQUENCE; Schema: public; Owner: -
--

ALTER TABLE public.auth_user ALTER COLUMN id ADD GENERATED BY DEFAULT AS IDENTITY (
    SEQUENCE NAME public.auth_user_id_seq
    START WITH 1
    INCREMENT BY 1
    NO MINVALUE
    NO MAXVALUE
    CACHE 1
);


--
-- Name: auth_user_user_permissions; Type: TABLE; Schema: public; Owner: -
--

CREATE TABLE public.auth_user_user_permissions (
    id bigint NOT NULL,
    user_id integer NOT NULL,
    permission_id integer NOT NULL
);


--
-- Name: auth_user_user_permissions_id_seq; Type: SEQUENCE; Schema: public; Owner: -
--

ALTER TABLE public.auth_user_user_permissions ALTER COLUMN id ADD GENERATED BY DEFAULT AS IDENTITY (
    SEQUENCE NAME public.auth_user_user_permissions_id_seq
    START WITH 1
    INCREMENT BY 1
    NO MINVALUE
    NO MAXVALUE
    CACHE 1
);


--
-- Name: core_category; Type: TABLE; Schema: public; Owner: -
--

CREATE TABLE public.core_category (
    id bigint NOT NULL,
    title character varying(255) NOT NULL,
    title_ru character varying(255),
    title_en character varying(255),
    title_ky character varying(255),
    description text NOT NULL,
    description_ru text,
    description_en text,
    description_ky text,
    "order" integer NOT NULL,
    icon character varying(100),
    CONSTRAINT core_category_order_check CHECK (("order" >= 0))
);


--
-- Name: core_category_id_seq; Type: SEQUENCE; Schema: public; Owner: -
--

ALTER TABLE public.core_category ALTER COLUMN id ADD GENERATED BY DEFAULT AS IDENTITY (
    SEQUENCE NAME public.core_category_id_seq
    START WITH 1
    INCREMENT BY 1
    NO MINVALUE
    NO MAXVALUE
    CACHE 1
);


--
-- Name: core_combo; Type: TABLE; Schema: public; Owner: -
--

CREATE TABLE public.core_combo (
    id bigint NOT NULL,
    title character varying(255) NOT NULL,
    title_ru character varying(255),
    title_en character varying(255),
    title_ky character varying(255),
    short_description character varying(255) NOT NULL,
    short_description_ru character varying(255),
    short_description_en character varying(255),
    short_description_ky character varying(255),
    description text NOT NULL,
    description_ru text,
    description_en text,
    description_ky text,
    price numeric(10,2) NOT NULL,
    image character varying(100) NOT NULL,
    image_2 character varying(100),
    image_3 character varying(100),
    is_active boolean NOT NULL,
    "order" integer NOT NULL,
    category_id bigint NOT NULL,
    CONSTRAINT core_combo_order_check CHECK (("order" >= 0))
);


--
-- Name: core_combo_dishes; Type: TABLE; Schema: public; Owner: -
--

CREATE TABLE public.core_combo_dishes (
    id bigint NOT NULL,
    combo_id bigint NOT NULL,
    dish_id bigint NOT NULL
);


--
-- Name: core_combo_dishes_id_seq; Type: SEQUENCE; Schema: public; Owner: -
--

ALTER TABLE public.core_combo_dishes ALTER COLUMN id ADD GENERATED BY DEFAULT AS IDENTITY (
    SEQUENCE NAME public.core_combo_dishes_id_seq
    START WITH 1
    INCREMENT BY 1
    NO MINVALUE
    NO MAXVALUE
    CACHE 1
);


--
-- Name: core_combo_id_seq; Type: SEQUENCE; Schema: public; Owner: -
--

ALTER TABLE public.core_combo ALTER COLUMN id ADD GENERATED BY DEFAULT AS IDENTITY (
    SEQUENCE NAME public.core_combo_id_seq
    START WITH 1
    INCREMENT BY 1
    NO MINVALUE
    NO MAXVALUE
    CACHE 1
);


--
-- Name: core_combocategory; Type: TABLE; Schema: public; Owner: -
--

CREATE TABLE public.core_combocategory (
    id bigint NOT NULL,
    title character varying(255) NOT NULL,
    title_ru character varying(255),
    title_en character varying(255),
    title_ky character varying(255),
    description text NOT NULL,
    description_ru text,
    description_en text,
    description_ky text,
    icon character varying(100),
    "order" integer NOT NULL,
    CONSTRAINT core_combocategory_order_check CHECK (("order" >= 0))
);


--
-- Name: core_combocategory_id_seq; Type: SEQUENCE; Schema: public; Owner: -
--

ALTER TABLE public.core_combocategory ALTER COLUMN id ADD GENERATED BY DEFAULT AS IDENTITY (
    SEQUENCE NAME public.core_combocategory_id_seq
    START WITH 1
    INCREMENT BY 1
    NO MINVALUE
    NO MAXVALUE
    CACHE 1
);


--
-- Name: core_dish; Type: TABLE; Schema: public; Owner: -
--

CREATE TABLE public.core_dish (
    id bigint NOT NULL,
    title character varying(255) NOT NULL,
    title_ru character varying(255),
    title_en character varying(255),
    title_ky character varying(255),
    description text NOT NULL,
    description_ru text,
    description_en text,
    description_ky text,
    price numeric(10,2) NOT NULL,
    image character varying(100),
    is_active boolean NOT NULL,
    "order" integer NOT NULL,
    category_id bigint NOT NULL,
    short_description character varying(255) NOT NULL,
    short_description_en character varying(255),
    short_description_ky character varying(255),
    short_description_ru character varying(255),
    image_2 character varying(100),
    image_3 character varying(100),
    weight character varying(50),
    CONSTRAINT core_dish_order_check CHECK (("order" >= 0))
);


--
-- Name: core_dish_id_seq; Type: SEQUENCE; Schema: public; Owner: -
--

ALTER TABLE public.core_dish ALTER COLUMN id ADD GENERATED BY DEFAULT AS IDENTITY (
    SEQUENCE NAME public.core_dish_id_seq
    START WITH 1
    INCREMENT BY 1
    NO MINVALUE
    NO MAXVALUE
    CACHE 1
);


--
-- Name: core_dish_tags; Type: TABLE; Schema: public; Owner: -
--

CREATE TABLE public.core_dish_tags (
    id bigint NOT NULL,
    dish_id bigint NOT NULL,
    tag_id bigint NOT NULL
);


--
-- Name: core_dish_tags_id_seq; Type: SEQUENCE; Schema: public; Owner: -
--

ALTER TABLE public.core_dish_tags ALTER COLUMN id ADD GENERATED BY DEFAULT AS IDENTITY (
    SEQUENCE NAME public.core_dish_tags_id_seq
    START WITH 1
    INCREMENT BY 1
    NO MINVALUE
    NO MAXVALUE
    CACHE 1
);


--
-- Name: core_tag; Type: TABLE; Schema: public; Owner: -
--

CREATE TABLE public.core_tag (
    id bigint NOT NULL,
    title character varying(255) NOT NULL,
    title_en character varying(255),
    title_ky character varying(255),
    "order" integer NOT NULL,
    color_bg character varying(50) NOT NULL,
    color_text character varying(20) NOT NULL,
    show_on_card boolean NOT NULL,
    title_ru character varying(255),
    color_bg_hex character varying(20) NOT NULL,
    opacity double precision NOT NULL,
    CONSTRAINT core_tag_order_check CHECK (("order" >= 0))
);


--
-- Name: core_tag_id_seq; Type: SEQUENCE; Schema: public; Owner: -
--

ALTER TABLE public.core_tag ALTER COLUMN id ADD GENERATED BY DEFAULT AS IDENTITY (
    SEQUENCE NAME public.core_tag_id_seq
    START WITH 1
    INCREMENT BY 1
    NO MINVALUE
    NO MAXVALUE
    CACHE 1
);


--
-- Name: django_admin_log; Type: TABLE; Schema: public; Owner: -
--

CREATE TABLE public.django_admin_log (
    id integer NOT NULL,
    action_time timestamp with time zone NOT NULL,
    object_id text,
    object_repr character varying(200) NOT NULL,
    action_flag smallint NOT NULL,
    change_message text NOT NULL,
    content_type_id integer,
    user_id integer NOT NULL,
    CONSTRAINT django_admin_log_action_flag_check CHECK ((action_flag >= 0))
);


--
-- Name: django_admin_log_id_seq; Type: SEQUENCE; Schema: public; Owner: -
--

ALTER TABLE public.django_admin_log ALTER COLUMN id ADD GENERATED BY DEFAULT AS IDENTITY (
    SEQUENCE NAME public.django_admin_log_id_seq
    START WITH 1
    INCREMENT BY 1
    NO MINVALUE
    NO MAXVALUE
    CACHE 1
);


--
-- Name: django_content_type; Type: TABLE; Schema: public; Owner: -
--

CREATE TABLE public.django_content_type (
    id integer NOT NULL,
    app_label character varying(100) NOT NULL,
    model character varying(100) NOT NULL
);


--
-- Name: django_content_type_id_seq; Type: SEQUENCE; Schema: public; Owner: -
--

ALTER TABLE public.django_content_type ALTER COLUMN id ADD GENERATED BY DEFAULT AS IDENTITY (
    SEQUENCE NAME public.django_content_type_id_seq
    START WITH 1
    INCREMENT BY 1
    NO MINVALUE
    NO MAXVALUE
    CACHE 1
);


--
-- Name: django_migrations; Type: TABLE; Schema: public; Owner: -
--

CREATE TABLE public.django_migrations (
    id bigint NOT NULL,
    app character varying(255) NOT NULL,
    name character varying(255) NOT NULL,
    applied timestamp with time zone NOT NULL
);


--
-- Name: django_migrations_id_seq; Type: SEQUENCE; Schema: public; Owner: -
--

ALTER TABLE public.django_migrations ALTER COLUMN id ADD GENERATED BY DEFAULT AS IDENTITY (
    SEQUENCE NAME public.django_migrations_id_seq
    START WITH 1
    INCREMENT BY 1
    NO MINVALUE
    NO MAXVALUE
    CACHE 1
);


--
-- Name: django_session; Type: TABLE; Schema: public; Owner: -
--

CREATE TABLE public.django_session (
    session_key character varying(40) NOT NULL,
    session_data text NOT NULL,
    expire_date timestamp with time zone NOT NULL
);


--
-- Name: orders_order; Type: TABLE; Schema: public; Owner: -
--

CREATE TABLE public.orders_order (
    id bigint NOT NULL,
    customer_name character varying(100) NOT NULL,
    customer_phone character varying(20) NOT NULL,
    address character varying(255),
    comment text,
    total_amount numeric(10,2) NOT NULL,
    status character varying(20) NOT NULL,
    created_at timestamp with time zone NOT NULL,
    updated_at timestamp with time zone NOT NULL
);


--
-- Name: orders_order_id_seq; Type: SEQUENCE; Schema: public; Owner: -
--

ALTER TABLE public.orders_order ALTER COLUMN id ADD GENERATED BY DEFAULT AS IDENTITY (
    SEQUENCE NAME public.orders_order_id_seq
    START WITH 1
    INCREMENT BY 1
    NO MINVALUE
    NO MAXVALUE
    CACHE 1
);


--
-- Name: orders_orderitem; Type: TABLE; Schema: public; Owner: -
--

CREATE TABLE public.orders_orderitem (
    id bigint NOT NULL,
    dish_name character varying(255) NOT NULL,
    price numeric(10,2) NOT NULL,
    quantity integer NOT NULL,
    dish_id bigint,
    order_id bigint NOT NULL,
    CONSTRAINT orders_orderitem_quantity_check CHECK ((quantity >= 0))
);


--
-- Name: orders_orderitem_id_seq; Type: SEQUENCE; Schema: public; Owner: -
--

ALTER TABLE public.orders_orderitem ALTER COLUMN id ADD GENERATED BY DEFAULT AS IDENTITY (
    SEQUENCE NAME public.orders_orderitem_id_seq
    START WITH 1
    INCREMENT BY 1
    NO MINVALUE
    NO MAXVALUE
    CACHE 1
);


--
-- Data for Name: auth_group; Type: TABLE DATA; Schema: public; Owner: -
--

COPY public.auth_group (id, name) FROM stdin;
\.


--
-- Data for Name: auth_group_permissions; Type: TABLE DATA; Schema: public; Owner: -
--

COPY public.auth_group_permissions (id, group_id, permission_id) FROM stdin;
\.


--
-- Data for Name: auth_permission; Type: TABLE DATA; Schema: public; Owner: -
--

COPY public.auth_permission (id, name, content_type_id, codename) FROM stdin;
1	Can add log entry	1	add_logentry
2	Can change log entry	1	change_logentry
3	Can delete log entry	1	delete_logentry
4	Can view log entry	1	view_logentry
5	Can add permission	3	add_permission
6	Can change permission	3	change_permission
7	Can delete permission	3	delete_permission
8	Can view permission	3	view_permission
9	Can add group	2	add_group
10	Can change group	2	change_group
11	Can delete group	2	delete_group
12	Can view group	2	view_group
13	Can add user	4	add_user
14	Can change user	4	change_user
15	Can delete user	4	delete_user
16	Can view user	4	view_user
17	Can add content type	5	add_contenttype
18	Can change content type	5	change_contenttype
19	Can delete content type	5	delete_contenttype
20	Can view content type	5	view_contenttype
21	Can add session	6	add_session
22	Can change session	6	change_session
23	Can delete session	6	delete_session
24	Can view session	6	view_session
25	Can add Категория меню	7	add_category
26	Can change Категория меню	7	change_category
27	Can delete Категория меню	7	delete_category
28	Can view Категория меню	7	view_category
29	Can add Блюдо	10	add_dish
30	Can change Блюдо	10	change_dish
31	Can delete Блюдо	10	delete_dish
32	Can view Блюдо	10	view_dish
33	Can add Категория сборки	9	add_combocategory
34	Can change Категория сборки	9	change_combocategory
35	Can delete Категория сборки	9	delete_combocategory
36	Can view Категория сборки	9	view_combocategory
37	Can add Сборка	8	add_combo
38	Can change Сборка	8	change_combo
39	Can delete Сборка	8	delete_combo
40	Can view Сборка	8	view_combo
41	Can add Тег	11	add_tag
42	Can change Тег	11	change_tag
43	Can delete Тег	11	delete_tag
44	Can view Тег	11	view_tag
45	Can add Позиция заказа	13	add_orderitem
46	Can change Позиция заказа	13	change_orderitem
47	Can delete Позиция заказа	13	delete_orderitem
48	Can view Позиция заказа	13	view_orderitem
49	Can add Заказ	12	add_order
50	Can change Заказ	12	change_order
51	Can delete Заказ	12	delete_order
52	Can view Заказ	12	view_order
\.


--
-- Data for Name: auth_user; Type: TABLE DATA; Schema: public; Owner: -
--

COPY public.auth_user (id, password, last_login, is_superuser, username, first_name, last_name, email, is_staff, is_active, date_joined) FROM stdin;
2	pbkdf2_sha256$1200000$bODViYhgoXEa79txLOMl4T$f2e6nYwDMHWJukf400YrZOs1s+NYzwZKCPY5MCgYYT4=	2026-07-23 07:59:27.310162+00	t	god			god@gmail.com	t	t	2026-07-03 18:40:48.812628+00
1	pbkdf2_sha256$1200000$uZMqkUe8OPHUgGVvPwZYbn$x3+JZwCU8o2DelEyIY0CswHyAoi5f+LAns+2e4PKsG4=	2026-07-23 12:49:26.325616+00	t	dastorkon				t	t	2026-06-01 21:41:12.515903+00
\.


--
-- Data for Name: auth_user_groups; Type: TABLE DATA; Schema: public; Owner: -
--

COPY public.auth_user_groups (id, user_id, group_id) FROM stdin;
\.


--
-- Data for Name: auth_user_user_permissions; Type: TABLE DATA; Schema: public; Owner: -
--

COPY public.auth_user_user_permissions (id, user_id, permission_id) FROM stdin;
\.


--
-- Data for Name: core_category; Type: TABLE DATA; Schema: public; Owner: -
--

COPY public.core_category (id, title, title_ru, title_en, title_ky, description, description_ru, description_en, description_ky, "order", icon) FROM stdin;
105	Детское меню	Детское меню	Kids' Menu	Балдар менюсу		\N	\N	\N	0	
106	Мясные блюда	Мясные блюда	Meat Dishes	Эт тамактары		\N	\N	\N	1	
107	Закуски	Закуски	Appetizers	Закускалар		\N	\N	\N	2	
108	Горячие закуски	Горячие закуски	Hot Appetizers	Ысык закускалар		\N	\N	\N	3	
109	Плов	Плов	Plov	Плов		\N	\N	\N	4	
110	Горячие блюда	Горячие блюда	Main Courses	Ысык тамактар		\N	\N	\N	5	
111	Салаты	Салаты	Salads	Салаттар		\N	\N	\N	6	
112	Восточные блюда	Восточные блюда	Oriental Dishes	Чыгыш тамактары		\N	\N	\N	7	
113	Шашлык	Шашлык	Shashlik	Шашлык		\N	\N	\N	8	
114	Гарниры	Гарниры	Side Dishes	Гарнирлер		\N	\N	\N	9	
115	Соусы	Соусы	Sauces	Соустар		\N	\N	\N	10	
116	Добавки	Добавки	Add-ons	Кошумчалар		\N	\N	\N	11	
117	Манты	Манты	Manti	Манты		\N	\N	\N	12	
118	Напитки	Напитки	Beverages	Суусундуктар		\N	\N	\N	13	
119	Выпечка	Выпечка	Pastries & Baked Goods	Начинкалар		\N	\N	\N	14	
120	Блюда от шефа	Блюда от шефа	Chef's Specials	Шефтин тамактары		\N	\N	\N	15	
121	Завтраки	Завтраки	Breakfast	Эртең мененки тамак		\N	\N	\N	16	
122	Тандыр стейки	Тандыр стейки	Tandyr Steaks	Тандыр стейктери		\N	\N	\N	17	
123	Лагман	Лагман	Lagman	Лагман		\N	\N	\N	18	
124	Пицца	Пицца	Pizza	Пицца		\N	\N	\N	19	
125	Супы	Супы	Soups	Шорполор		\N	\N	\N	20	
126	Коктейли	Коктейли	Cocktails	Коктейлдер		\N	\N	\N	21	
127	Пиво	Пиво	Beer	Пиво		\N	\N	\N	22	
128	Закуски к пиву	Закуски к пиву	Beer Snacks	Пивого закускалар		\N	\N	\N	23	
129	Крепкий алкоголь	Крепкий алкоголь	Spirits	Күчтүү алкоголь		\N	\N	\N	24	
130	Европейские блюда	Европейские блюда	European Dishes	Европа тамактары		\N	\N	\N	25	
132	Бешбармак	Бешбармак	Beshbarmak	Бешбармак		\N	\N	\N	27	
133	Кофе	Кофе	Coffee	Кофе		\N	\N	\N	28	
134	Десерты	Десерты	Desserts	Десерттер		\N	\N	\N	29	
135	Вино	Вино	Wine	Шарап		\N	\N	\N	30	
136	Чай	Чай	Tea	Чай		\N	\N	\N	31	
137	Кыргызские блюда	Кыргызские блюда	Kyrgyz Dishes	Кыргыз тамактары		\N	\N	\N	32	
138	Тандыр сеты	Тандыр сеты	Tandyr Sets	Тандыр сеттери		\N	\N	\N	33	
139	Вегетарианские блюда	Вегетарианские блюда	Vegetarian Dishes	Вегетариандык тамактар		\N	\N	\N	34	
140	Бургеры	Бургеры	Burgers	Бургерлер		\N	\N	\N	35	
131	Алкогольные коктейли	Алкогольные коктейли	Alcoholic Cocktails	Алкоголдук коктейлдер		\N	\N	\N	26	
\.


--
-- Data for Name: core_combo; Type: TABLE DATA; Schema: public; Owner: -
--

COPY public.core_combo (id, title, title_ru, title_en, title_ky, short_description, short_description_ru, short_description_en, short_description_ky, description, description_ru, description_en, description_ky, price, image, image_2, image_3, is_active, "order", category_id) FROM stdin;
\.


--
-- Data for Name: core_combo_dishes; Type: TABLE DATA; Schema: public; Owner: -
--

COPY public.core_combo_dishes (id, combo_id, dish_id) FROM stdin;
\.


--
-- Data for Name: core_combocategory; Type: TABLE DATA; Schema: public; Owner: -
--

COPY public.core_combocategory (id, title, title_ru, title_en, title_ky, description, description_ru, description_en, description_ky, icon, "order") FROM stdin;
\.


--
-- Data for Name: core_dish; Type: TABLE DATA; Schema: public; Owner: -
--

COPY public.core_dish (id, title, title_ru, title_en, title_ky, description, description_ru, description_en, description_ky, price, image, is_active, "order", category_id, short_description, short_description_en, short_description_ky, short_description_ru, image_2, image_3, weight) FROM stdin;
805	Куриные стрипсы	Куриные стрипсы	Chicken strips	Тоок эти	кетчуп, сливочно-сырный соус	кетчуп, сливочно-сырный соус	ketchup, cream cheese sauce	кетчуп, каймак сыр соусу	350.00		t	2	105	кетчуп, сливочно-сырный соус	ketchup, cream cheese sauce	кетчуп, каймак сыр соусу	кетчуп, сливочно-сырный соус			300г
806	Блинчики	Блинчики	Pancakes	Блинкалар	со сметаной, со сгущенным молоком	со сметаной, со сгущенным молоком	with sour cream, condensed milk	каймак, коюлтулган сүт менен	200.00		t	3	105	со сметаной, со сгущенным молоком	with sour cream, condensed milk	каймак, коюлтулган сүт менен	со сметаной, со сгущенным молоком			3 шт
808	Костные мозги с овощами на костре	Костные мозги с овощами на костре	Bone marrow with vegetables on the fire	Отко жашылча менен сөөк чучугу					685.00		t	5	106	Костные мозги с овощами на костре	Bone marrow with vegetables on the fire	Отко жашылча менен сөөк чучугу	Костные мозги с овощами на костре			350г
811	Хрустящие куриные крылышки	Хрустящие куриные крылышки	Crispy chicken wings	Кытырак тоок канаттары	острые/неострые (6 шт)	острые/неострые (6 шт)	spicy/mild (6 pcs)	ачуу/жумшак (6 даана)	398.00		t	8	107	острые/неострые (6 шт)	spicy/mild (6 pcs)	ачуу/жумшак (6 даана)	острые/неострые (6 шт)			6 шт
812	Хрустящие куриные крылышки	Хрустящие куриные крылышки	Crispy chicken wings	Кытырак тоок канаттары	острые/неострые (8 шт)	острые/неострые (8 шт)	spicy/mild (8 pcs)	ачуу/жумшак (8 даана)	598.00		t	9	107	острые/неострые (8 шт)	spicy/mild (8 pcs)	ачуу/жумшак (8 даана)	острые/неострые (8 шт)			8 шт
813	Хрустящие куриные крылышки	Хрустящие куриные крылышки	Crispy chicken wings	Кытырак тоок канаттары	острые/неострые (10 шт)	острые/неострые (10 шт)	spicy/mild (10 pcs)	ачуу/жумшак (10 даана)	689.00		t	10	107	острые/неострые (10 шт)	spicy/mild (10 pcs)	ачуу/жумшак (10 даана)	острые/неострые (10 шт)			10 шт
814	Хрустящие куриные крылышки	Хрустящие куриные крылышки	Crispy chicken wings	Кытырак тоок канаттары	острые/неострые (12 шт)	острые/неострые (12 шт)	spicy/mild (12 pcs)	ачуу/жумшак (12 даана)	798.00		t	11	107	острые/неострые (12 шт)	spicy/mild (12 pcs)	ачуу/жумшак (12 даана)	острые/неострые (12 шт)			12 шт
815	Хрустящие куриные крылышки	Хрустящие куриные крылышки	Crispy chicken wings	Кытырак тоок канаттары	острые/неострые (16 шт)	острые/неострые (16 шт)	spicy/mild (16 pcs)	ачуу/жумшак (16 даана)	1098.00		t	12	107	острые/неострые (16 шт)	spicy/mild (16 pcs)	ачуу/жумшак (16 даана)	острые/неострые (16 шт)			16 шт
810	Жареные пельмени	Жареные пельмени	Fried dumplings	Куурулган пельмен	сметана / сливочно-сырный соус	сметана / сливочно-сырный соус	sour cream / cream cheese sauce	каймак / каймак сыр соусу	315.00		t	7	108	сметана / сливочно-сырный соус	sour cream / cream cheese sauce	каймак / каймак сыр соусу	сметана / сливочно-сырный соус			250г
818	Куурдак	Куурдак	Kuurdak	Куурдак	из баранины	из баранины	lamb	козу	695.00		t	15	110	из баранины	lamb	козу	из баранины			500г
819	Куурдак	Куурдак	Kuurdak	Куурдак	из говядины, с луком и картошкой	из говядины, с луком и картошкой	beef, with onions and potatoes	уй эти, пияз жана картошка менен	695.00		t	16	110	из говядины, с луком и картошкой	beef, with onions and potatoes	уй эти, пияз жана картошка менен	из говядины, с луком и картошкой			500г
820	Куурдак	Куурдак	Kuurdak	Куурдак	из говяжьей требухи с картошкой	из говяжьей требухи с картошкой	beef tripe with potatoes	картошка менен уй эти	550.00		t	17	110	из говяжьей требухи с картошкой	beef tripe with potatoes	картошка менен уй эти	из говяжьей требухи с картошкой			450г
821	Хан куурдак	Хан куурдак	Khan kuurdak	Хан куурдак	из баранины	из баранины	lamb	козу	4255.00		t	18	110	из баранины	lamb	козу	из баранины			4-5 порц
822	Кара куурдак	Кара куурдак	Kara kuurdak	Кара куурдак	из баранины	из баранины	lamb	козу	1255.00		t	19	110	из баранины	lamb	козу	из баранины			500г
823	Руккола	Руккола	Arugula	рукола	моцарелла, ананас, зернистая горчица	моцарелла, ананас, зернистая горчица	mozzarella, pineapple, grainy mustard	моцарелла, ананас, дан кычы	435.00		t	20	111	моцарелла, ананас, зернистая горчица	mozzarella, pineapple, grainy mustard	моцарелла, ананас, дан кычы	моцарелла, ананас, зернистая горчица			280г
1181	Арива с курицей	Арива с курицей	Ariva with chicken	Арива тоок менен					880.00		t	378	124	Арива с курицей	Ariva with chicken	Арива тоок менен	Арива с курицей			40см
826	Салат с запеченной тыквой	Салат с запеченной тыквой	Salad with baked pumpkin	бышырылган ашкабак менен салат	руккола, квиноа, брынза, винегретный соус	руккола, квиноа, брынза, винегретный соус	arugula, quinoa, feta cheese, vinaigrette sauce	рукола, квиноа, фета сыры, винегрет соусу	395.00		t	23	111	руккола, квиноа, брынза, винегретный соус	arugula, quinoa, feta cheese, vinaigrette sauce	рукола, квиноа, фета сыры, винегрет соусу	руккола, квиноа, брынза, винегретный соус			300г
827	Казан-кебаб	Казан-кебаб	Kazan kebab	Казан кебабы	с ребрышками баранины и курицы	с ребрышками баранины и курицы	with lamb and chicken ribs	козу жана тооктун кабыргасы менен	3995.00		t	24	112	с ребрышками баранины и курицы	with lamb and chicken ribs	козу жана тооктун кабыргасы менен	с ребрышками баранины и курицы			3-4 порц
829	Лагман	Лагман	Lagman	Лагман	говядина, овощи, лапша ручной работы	говядина, овощи, лапша ручной работы	beef, vegetables, handmade noodles	уй эти, жашылчалар, колго жасалган кесме	465.00		t	26	112	говядина, овощи, лапша ручной работы	beef, vegetables, handmade noodles	уй эти, жашылчалар, колго жасалган кесме	говядина, овощи, лапша ручной работы			450г
830	Куриные крылышки	Куриные крылышки	Chicken wings	Тоок канаттары					420.00		t	27	113	Куриные крылышки	Chicken wings	Тоок канаттары	Куриные крылышки			
831	Окорочка	Окорочка	Ham	Хам					420.00		t	28	113	Окорочка	Ham	Хам	Окорочка			
832	Куриный кебаб	Куриный кебаб	Chicken kebab	Тоок кебабы					550.00		t	29	113	Куриный кебаб	Chicken kebab	Тоок кебабы	Куриный кебаб			
833	Люля-кебаб	Люля-кебаб	Lula kebab	Лула кебаб					595.00		t	30	113	Люля-кебаб	Lula kebab	Лула кебаб	Люля-кебаб			
834	Адана-кебаб	Адана-кебаб	Adana kebab	Адана кебаб					595.00		t	31	113	Адана-кебаб	Adana kebab	Адана кебаб	Адана-кебаб			
835	Бараний каре	Бараний каре	Rack of lamb	Койдун текчеси					595.00		t	32	113	Бараний каре	Rack of lamb	Койдун текчеси	Бараний каре			
836	Курдюк	Курдюк	Kurdyuk	Курдюк					595.00		t	33	113	Курдюк	Kurdyuk	Курдюк	Курдюк			
838	Ребрышки баранины	Ребрышки баранины	Lamb ribs	Койдун кабыргасы					785.00		t	35	113	Ребрышки баранины	Lamb ribs	Койдун кабыргасы	Ребрышки баранины			
839	Ассорти 5 видов	Ассорти 5 видов	Assorted 5 types	5 түрү бар					695.00		t	36	113	Ассорти 5 видов	Assorted 5 types	5 түрү бар	Ассорти 5 видов			
840	Овощи	Овощи	Vegetables	Жашылчалар					350.00		t	37	113	Овощи	Vegetables	Жашылчалар	Овощи			
842	Картофель	Картофель	Potato	Картошка					250.00		t	39	113	Картофель	Potato	Картошка	Картофель			
844	Люля-кебаб 1 м	Люля-кебаб 1 м	Lula kebab 1 m	Лула кебаб 1 м					1780.00		t	41	113	Люля-кебаб 1 м	Lula kebab 1 m	Лула кебаб 1 м	Люля-кебаб 1 м			
845	Курдюк 1 м	Курдюк 1 м	Kurdyuk 1 m	Курдюк 1 м					1780.00		t	42	113	Курдюк 1 м	Kurdyuk 1 m	Курдюк 1 м	Курдюк 1 м			
846	Баранина 1 м	Баранина 1 м	Lamb 1 m	Козу 1 м					2250.00		t	43	113	Баранина 1 м	Lamb 1 m	Козу 1 м	Баранина 1 м			
848	Рис	Рис	Rice	Райс					130.00		t	45	114	Рис	Rice	Райс	Рис			150г
849	Картофельное пюре	Картофельное пюре	Mashed potatoes	Картошка пюреси					130.00		t	46	114	Картофельное пюре	Mashed potatoes	Картошка пюреси	Картофельное пюре			150г
850	Картофель фри	Картофель фри	French fries	Кырынды картөшкө					185.00		t	47	114	Картофель фри	French fries	Кырынды картөшкө	Картофель фри			180г
852	Гриль овощи	Гриль овощи	Grilled vegetables	Грильде бышырылган жашылчалар					285.00		t	49	114	Гриль овощи	Grilled vegetables	Грильде бышырылган жашылчалар	Гриль овощи			250г
853	Аджика	Аджика	Adjika	Аджика					60.00		t	50	115	Аджика	Adjika	Аджика	Аджика			50г
854	Кетчуп	Кетчуп	Ketchup	Кетчуп					60.00		t	51	115	Кетчуп	Ketchup	Кетчуп	Кетчуп			50г
855	Майонез	Майонез	Mayonnaise	Майонез					60.00		t	52	115	Майонез	Mayonnaise	Майонез	Майонез			50г
856	Кетчунез	Кетчунез	Ketchunez	Ketchunez					60.00		t	53	115	Кетчунез	Ketchunez	Ketchunez	Кетчунез			50г
857	Тартар	Тартар	Tartarus	Тартар					60.00		t	54	115	Тартар	Tartarus	Тартар	Тартар			50г
859	Сметана-сузьма	Сметана-сузьма	Smetana-Suzma	Сметана-Сузма					80.00		t	56	115	Сметана-сузьма	Smetana-Suzma	Сметана-Сузма	Сметана-сузьма			50г
860	Сметана	Сметана	Sour cream	Каймак					80.00		t	57	115	Сметана	Sour cream	Каймак	Сметана			50г
861	Шашлычный соус	Шашлычный соус	Kebab sauce	Кебаб соусу					80.00		t	58	115	Шашлычный соус	Kebab sauce	Кебаб соусу	Шашлычный соус			50г
878	Мушуро	Мушуро	Musuro	Musuro	овощи, древесные грибы, омлет	овощи, древесные грибы, омлет	vegetables, tree mushrooms, omelette	жашылчалар, дарак козу карындар, омлет	580.00		t	75	110	овощи, древесные грибы, омлет	vegetables, tree mushrooms, omelette	жашылчалар, дарак козу карындар, омлет	овощи, древесные грибы, омлет			450г
886	Курица по-тоскански	Курица по-тоскански	Tuscan chicken	Тоскан тоок	в сливочно-сырном соусе	в сливочно-сырном соусе	in cream cheese sauce	каймак сыр соусунда	550.00		t	83	110	в сливочно-сырном соусе	in cream cheese sauce	каймак сыр соусунда	в сливочно-сырном соусе			400г
888	Альфредо	Альфредо	Alfredo	Альфредо	куриная грудка, микс салата, песто соус	куриная грудка, микс салата, песто соус	chicken breast, salad mix, pesto sauce	тоок төшү, салат аралашмасы, песто соусу	550.00		t	85	110	куриная грудка, микс салата, песто соус	chicken breast, salad mix, pesto sauce	тоок төшү, салат аралашмасы, песто соусу	куриная грудка, микс салата, песто соус			400г
863	Сливочно-сырный	Сливочно-сырный	Creamy cheese	Кремдүү сыр					80.00		t	60	115	Сливочно-сырный	Creamy cheese	Кремдүү сыр	Сливочно-сырный			50г
864	Терияки	Терияки	Teriyaki	Терияки					80.00		t	61	115	Терияки	Teriyaki	Терияки	Терияки			50г
865	Спайси	Спайси	Spicy	Ачуу					80.00		t	62	115	Спайси	Spicy	Ачуу	Спайси			50г
866	Свит чили	Свит чили	Sweet chili	Таттуу чили					80.00		t	63	115	Свит чили	Sweet chili	Таттуу чили	Свит чили			50г
867	Барбекю	Барбекю	B-B-Q	B-B-Q					80.00		t	64	115	Барбекю	B-B-Q	B-B-Q	Барбекю			50г
868	Песто	Песто	Pesto	Песто					100.00		t	65	115	Песто	Pesto	Песто	Песто			50г
869	Халапеньо	Халапеньо	Jalapeño	Jalapeño					50.00		t	66	116	Халапеньо	Jalapeño	Jalapeño	Халапеньо			30г
871	Маринованный лук	Маринованный лук	Pickled onions	Туздалган пияз					60.00		t	68	116	Маринованный лук	Pickled onions	Туздалган пияз	Маринованный лук			40г
872	Молотый перец	Молотый перец	Ground pepper	Жер калемпири					50.00		t	69	116	Молотый перец	Ground pepper	Жер калемпири	Молотый перец			10г
873	Манты с тыквой и мясом	Манты с тыквой и мясом	Manti with pumpkin and meat	Ашкабак жана эт менен манты	сезонно	сезонно	seasonally	сезондук	345.00		t	70	117	сезонно	seasonally	сезондук	сезонно			5 шт
875	Манты с мясом	Манты с мясом	Manti with meat	Эт менен манты					345.00		t	72	117	Манты с мясом	Manti with meat	Эт менен манты	Манты с мясом			5 шт
880	Глинтвейн красный	Глинтвейн красный	Mulled wine red	Кызыл шарап					395.00		t	77	118	Глинтвейн красный	Mulled wine red	Кызыл шарап	Глинтвейн красный			200мл
881	Золотой огонь	Золотой огонь	Golden fire	Алтын от					395.00		t	78	118	Золотой огонь	Golden fire	Алтын от	Золотой огонь			200мл
882	Сидр	Сидр	Cider	Сидр	с коньяком и яблоком	с коньяком и яблоком	with cognac and apple	коньяк жана алма менен	395.00		t	79	118	с коньяком и яблоком	with cognac and apple	коньяк жана алма менен	с коньяком и яблоком			200мл
883	B-52	B-52	B-52	B-52	калуа, бейлис, куантро	калуа, бейлис, куантро	Kahlua, Baileys, Cointreau	Kahlua, Baileys, Cointreau	495.00		t	80	118	калуа, бейлис, куантро	Kahlua, Baileys, Cointreau	Kahlua, Baileys, Cointreau	калуа, бейлис, куантро			
889	Домашняя лепешка	Домашняя лепешка	Homemade flatbread	Үйдө жасалган нан					55.00		t	86	119	Домашняя лепешка	Homemade flatbread	Үйдө жасалган нан	Домашняя лепешка			1 шт
890	Алайская самса	Алайская самса	Alai samsa	Алай самса	с мясом	с мясом	with meat	эт менен	135.00		t	87	119	с мясом	with meat	эт менен	с мясом			1 шт
892	Запеченная утка	Запеченная утка	Roast duck	Куурулган өрдөк	апельсин, цитрусовый соус	апельсин, цитрусовый соус	orange, citrus sauce	апельсин, цитрус соусу	799.00		t	89	120	апельсин, цитрусовый соус	orange, citrus sauce	апельсин, цитрус соусу	апельсин, цитрусовый соус			350г
893	Лосось с брокколи	Лосось с брокколи	Salmon with broccoli	Брокколи менен лосось	пюре, цитрусовый соус	пюре, цитрусовый соус	puree, citrus sauce	пюре, цитрус соусу	1399.00		t	90	120	пюре, цитрусовый соус	puree, citrus sauce	пюре, цитрус соусу	пюре, цитрусовый соус			450г
894	Уча стейк	Уча стейк	Teaching steak	Стейк үйрөтүү	конский стейк, клюквенный соус	конский стейк, клюквенный соус	horse steak, cranberry sauce	жылкы стейк, клюква соусу	1799.00		t	91	120	конский стейк, клюквенный соус	horse steak, cranberry sauce	жылкы стейк, клюква соусу	конский стейк, клюквенный соус			300г
1208	Бургер с хрустящей курицей	Бургер с хрустящей курицей	Burger with crispy chicken	Кытырак тоок менен бургер	курица, томаты, соленые огурцы, айсберг, лук, фри, кетчунез, острый соус	курица, томаты, соленые огурцы, айсберг, лук, фри, кетчунез, острый соус	chicken, tomatoes, pickles, iceberg, onion, fries, ketchunese, hot sauce	тоок эти, помидор, туздалган бадыраң, айсберг, пияз, фри, кетчунез, ысык соус	395.00		t	405	140	курица, томаты, соленые огурцы, айсберг, лук, фри, кетчунез, острый соус	chicken, tomatoes, pickles, iceberg, onion, fries, ketchunese, hot sauce	тоок эти, помидор, туздалган бадыраң, айсберг, пияз, фри, кетчунез, ысык соус	курица, томаты, соленые огурцы, айсберг, лук, фри, кетчунез, острый соус			1 шт
916	Жареная форель	Жареная форель	Fried trout	Куурулган форель	по-домашнему	по-домашнему	homely	үйдүү	1150.00		t	113	110	по-домашнему	homely	үйдүү	по-домашнему			400г
897	Китайский	Китайский	Chinese	Кытайча	говядина, овощи, шиитаке, кинза и острый соевый соус	говядина, овощи, шиитаке, кинза и острый соевый соус	beef, vegetables, shiitake, cilantro and spicy soy sauce	уй эти, жашылчалар, шиитаке, кинза жана ачуу соя соусу	455.00		t	94	111	говядина, овощи, шиитаке, кинза и острый соевый соус	beef, vegetables, shiitake, cilantro and spicy soy sauce	уй эти, жашылчалар, шиитаке, кинза жана ачуу соя соусу	говядина, овощи, шиитаке, кинза и острый соевый соус			300г
898	Ледис каприз	Ледис каприз	Lady's whim	Аялдын каалоосу	копченая курица, ананас, грецкий орех, майонез	копченая курица, ананас, грецкий орех, майонез	smoked chicken, pineapple, walnut, mayonnaise	ышталган тоок эти, ананас, жаңгак, майонез	415.00		t	95	111	копченая курица, ананас, грецкий орех, майонез	smoked chicken, pineapple, walnut, mayonnaise	ышталган тоок эти, ананас, жаңгак, майонез	копченая курица, ананас, грецкий орех, майонез			280г
899	Хлебный сет «Кош келиңиздер»	Хлебный сет «Кош келиңиздер»	Bread set “Kosh kelinizder”	Нан топтому "Кош келиңиздер"					780.00		t	96	119	Хлебный сет «Кош келиңиздер»	Bread set “Kosh kelinizder”	Нан топтому "Кош келиңиздер"	Хлебный сет «Кош келиңиздер»			1 сет
900	Этно-лепешка	Этно-лепешка	Ethno-flatbread	Этно нан					95.00		t	97	119	Этно-лепешка	Ethno-flatbread	Этно нан	Этно-лепешка			1 шт
901	Самса	Самса	Samsa	Самса	с мясом / с тыквой	с мясом / с тыквой	with meat / with pumpkin	эт менен / ашкабак менен	115.00		t	98	119	с мясом / с тыквой	with meat / with pumpkin	эт менен / ашкабак менен	с мясом / с тыквой			1 шт
902	Калама	Калама	Kalama	Калама	со сметаной	со сметаной	with sour cream	каймак менен	135.00		t	99	119	со сметаной	with sour cream	каймак менен	со сметаной			1 шт
903	Чак-чак	Чак-чак	Chuck-chuck	Чак-чак					250.00		t	100	119	Чак-чак	Chuck-chuck	Чак-чак	Чак-чак			150г
904	Каттама	Каттама	Kattama	Каттама	зеленый лук, кусай, сметана	зеленый лук, кусай, сметана	green onions, bite, sour cream	жашыл пияз, тиштеп, каймак	280.00		t	101	119	зеленый лук, кусай, сметана	green onions, bite, sour cream	жашыл пияз, тиштеп, каймак	зеленый лук, кусай, сметана			1 шт
905	Боорсок	Боорсок	Boorsok	Боорсок	со сметаной	со сметаной	with sour cream	каймак менен	215.00		t	102	119	со сметаной	with sour cream	каймак менен	со сметаной			250г
908	Большой завтрак	Большой завтрак	Big breakfast	Чоң эртең мененки тамак	с яичницей и тартини	с яичницей и тартини	with scrambled eggs and tartini	жумуртка жана тартини менен	450.00		t	105	121	с яичницей и тартини	with scrambled eggs and tartini	жумуртка жана тартини менен	с яичницей и тартини			300г
909	Шакшука в томатном соусе	Шакшука в томатном соусе	Shakshuka in tomato sauce	Томат соусунда Шакшука					350.00		t	106	121	Шакшука в томатном соусе	Shakshuka in tomato sauce	Томат соусунда Шакшука	Шакшука в томатном соусе			300г
910	Творожные сырники	Творожные сырники	Curd cheesecakes	Быштак пирогтары	с ягодным джемом и сметаной	с ягодным джемом и сметаной	with berry jam and sour cream	мөмө-жемиш варенье жана каймак менен	295.00		t	107	121	с ягодным джемом и сметаной	with berry jam and sour cream	мөмө-жемиш варенье жана каймак менен	с ягодным джемом и сметаной			250г
911	Овсяная каша	Овсяная каша	Oatmeal	Сулу	сухофрукты, банан	сухофрукты, банан	dried fruits, banana	кургатылган жемиштер, банан	260.00		t	108	121	сухофрукты, банан	dried fruits, banana	кургатылган жемиштер, банан	сухофрукты, банан			300г
913	Рисовая каша	Рисовая каша	Rice porridge	Күрүч боткосу	сухофрукты, банан	сухофрукты, банан	dried fruits, banana	кургатылган жемиштер, банан	260.00		t	110	121	сухофрукты, банан	dried fruits, banana	кургатылган жемиштер, банан	сухофрукты, банан			300г
920	Форель стейк на тандыре	Форель стейк на тандыре	Trout steak on tandoor	Тандырдагы форель стейк					1750.00		t	117	122	Форель стейк на тандыре	Trout steak on tandoor	Тандырдагы форель стейк	Форель стейк на тандыре			0.6 кг
921	Стейк седло баранины	Стейк седло баранины	Saddle of lamb steak	Кой этинен жасалган стейк					1250.00		t	118	122	Стейк седло баранины	Saddle of lamb steak	Кой этинен жасалган стейк	Стейк седло баранины			450г
922	Стейк каре баранины	Стейк каре баранины	Rack of lamb steak	Кой этинен жасалган стейк					1250.00		t	119	122	Стейк каре баранины	Rack of lamb steak	Кой этинен жасалган стейк	Стейк каре баранины			450г
923	Ковбой стейк говядина	Ковбой стейк говядина	Cowboy steak beef	Ковбой стейк уй эти					1890.00		t	120	122	Ковбой стейк говядина	Cowboy steak beef	Ковбой стейк уй эти	Ковбой стейк говядина			650г
925	Уйгурский лагман	Уйгурский лагман	Uyghur lagman	уйгур лагманы	говядина, овощи и лапша ручного приготовления	говядина, овощи и лапша ручного приготовления	beef, vegetables and handmade noodles	уй эти, жашылча жана колго жасалган кесме	425.00		t	122	123	говядина, овощи и лапша ручного приготовления	beef, vegetables and handmade noodles	уй эти, жашылча жана колго жасалган кесме	говядина, овощи и лапша ручного приготовления			450г
926	Фунчеза	Фунчеза	Funcheza	Funcheza	говядина, овощи и фунчеза	говядина, овощи и фунчеза	beef, vegetables and funcheza	уй эти, жашылча жана фунчеза	495.00		t	123	123	говядина, овощи и фунчеза	beef, vegetables and funcheza	уй эти, жашылча жана фунчеза	говядина, овощи и фунчеза			400г
927	Маргарита (30 см)	Маргарита (30 см)	Margarita (30 cm)	Маргарита (30 см)					480.00		t	124	124	Маргарита (30 см)	Margarita (30 cm)	Маргарита (30 см)	Маргарита (30 см)			30см
929	Пепперони (30 см)	Пепперони (30 см)	Pepperoni (30 cm)	Пепперони (30 см)					580.00		t	126	124	Пепперони (30 см)	Pepperoni (30 cm)	Пепперони (30 см)	Пепперони (30 см)			30см
930	Пепперони (40 см)	Пепперони (40 см)	Pepperoni (40 cm)	Пепперони (40 см)					880.00		t	127	124	Пепперони (40 см)	Pepperoni (40 cm)	Пепперони (40 см)	Пепперони (40 см)			40см
932	Этно пицца (40 см)	Этно пицца (40 см)	Ethno pizza (40 cm)	Этно пицца (40 см)	с национальной колбасой казы	с национальной колбасой казы	with national sausage kazy	улуттук колбаса казы менен	980.00		t	129	124	с национальной колбасой казы	with national sausage kazy	улуттук колбаса казы менен	с национальной колбасой казы			40см
933	Дасторкон Микс (30 см)	Дасторкон Микс (30 см)	Dastorcon Mix (30 cm)	Дасторкон Микс (30 см)					680.00		t	130	124	Дасторкон Микс (30 см)	Dastorcon Mix (30 cm)	Дасторкон Микс (30 см)	Дасторкон Микс (30 см)			30см
935	Окрошка	Окрошка	Okroshka	Окрошка	сезонная	сезонная	seasonal	сезондук	350.00		t	132	125	сезонная	seasonal	сезондук	сезонная			350г
936	Пельмени в красном бульоне	Пельмени в красном бульоне	Dumplings in red broth	Кызыл сорпого чүчпара					350.00		t	133	125	Пельмени в красном бульоне	Dumplings in red broth	Кызыл сорпого чүчпара	Пельмени в красном бульоне			350г
938	Tom Collins	Tom Collins	Tom Collins	Tom Collins	Джин, лимон	Джин, лимон	Gin, lemon	Джин, лимон	385.00		t	135	126	Джин, лимон	Gin, lemon	Джин, лимон	Джин, лимон			350мл
939	Nomad elixir	Nomad elixir	Nomad elixir	Nomad elixir	Скотч, имбирь	Скотч, имбирь	Scotch, ginger	шотланд, имбирь	565.00		t	136	126	Скотч, имбирь	Scotch, ginger	шотланд, имбирь	Скотч, имбирь			200мл
941	Jailoo	Jailoo	Jailoo	Jailoo	Джин, куантро, шпинат	Джин, куантро, шпинат	Gin, Cointreau, spinach	Джин, Коинтрео, шпинат	495.00		t	138	126	Джин, куантро, шпинат	Gin, Cointreau, spinach	Джин, Коинтрео, шпинат	Джин, куантро, шпинат			200мл
943	Whisky sour	Whisky sour	Whisky sour	Whisky sour	Бурбон, ангостура, лимон	Бурбон, ангостура, лимон	Bourbon, Angostura, lemon	Бурбон, Ангостура, лимон	555.00		t	140	126	Бурбон, ангостура, лимон	Bourbon, Angostura, lemon	Бурбон, Ангостура, лимон	Бурбон, ангостура, лимон			200мл
944	Живое	Живое	Live	Live					250.00		t	141	127	Живое	Live	Live	Живое			
945	Бархатное	Бархатное	Velvet	Баркыт					250.00		t	142	127	Бархатное	Velvet	Баркыт	Бархатное			
946	Чешское	Чешское	Czech	Чехче					250.00		t	143	127	Чешское	Czech	Чехче	Чешское			
947	Баварское	Баварское	Bavarian	бавариялык					250.00		t	144	127	Баварское	Bavarian	бавариялык	Баварское			
948	Corona Extra	Corona Extra	Corona Extra	Corona Extra					465.00		t	145	127	Corona Extra	Corona Extra	Corona Extra	Corona Extra			0.33
949	Stella Artois	Stella Artois	Stella Artois	Stella Artois					435.00		t	146	127	Stella Artois	Stella Artois	Stella Artois	Stella Artois			
995	Цезарь	Цезарь	Caesar	Цезарь	курица, айсберг, салатные листья, томаты, гречки, сыр пармезан и цезарь соус	курица, айсберг, салатные листья, томаты, гречки, сыр пармезан и цезарь соус	chicken, iceberg, lettuce, tomatoes, buckwheat, parmesan cheese and Caesar sauce	тоок эти, айсберг, салат жалбырагы, помидор, гречка, пармезан сыры жана Цезарь соусу	495.00		t	192	111	курица, айсберг, салатные листья, томаты, гречки, сыр пармезан и цезарь соус	chicken, iceberg, lettuce, tomatoes, buckwheat, parmesan cheese and Caesar sauce	тоок эти, айсберг, салат жалбырагы, помидор, гречка, пармезан сыры жана Цезарь соусу	курица, айсберг, салатные листья, томаты, гречки, сыр пармезан и цезарь соус			300г
951	Арпа	Арпа	Arpa	Арпа					295.00		t	148	127	Арпа	Arpa	Арпа	Арпа			
952	Козел темный	Козел темный	Goat dark	Теке караңгы					285.00		t	149	127	Козел темный	Goat dark	Теке караңгы	Козел темный			
953	Zateysky Gus 0	Zateysky Gus 0	Zateysky Gus 0	Zateysky Gus 0					235.00		t	150	127	Zateysky Gus 0	Zateysky Gus 0	Zateysky Gus 0	Zateysky Gus 0			
954	Арахис и кукуруза соленые	Арахис и кукуруза соленые	Salted peanuts and corn	Туздалган жержаңгак жана жүгөрү					230.00		t	151	128	Арахис и кукуруза соленые	Salted peanuts and corn	Туздалган жержаңгак жана жүгөрү	Арахис и кукуруза соленые			90г
955	Чечил	Чечил	Chechil	Чечил					280.00		t	152	128	Чечил	Chechil	Чечил	Чечил			90г
956	Martini Bianco/Rosso/Extra dry	Martini Bianco/Rosso/Extra dry	Martini Bianco/Rosso/Extra dry	Martini Bianco/Rosso/Extra dry					350.00		t	153	129	Martini Bianco/Rosso/Extra dry	Martini Bianco/Rosso/Extra dry	Martini Bianco/Rosso/Extra dry	Martini Bianco/Rosso/Extra dry			100мл
957	Campari	Campari	Campari	Campari					350.00		t	154	129	Campari	Campari	Campari	Campari			100мл
958	Aperol	Aperol	Aperol	Aperol					480.00		t	155	129	Aperol	Aperol	Aperol	Aperol			50мл
959	Kahlua	Kahlua	Kahlua	Kahlua					480.00		t	156	129	Kahlua	Kahlua	Kahlua	Kahlua			50мл
960	Cointreau	Cointreau	Cointreau	Cointreau					450.00		t	157	129	Cointreau	Cointreau	Cointreau	Cointreau			50мл
961	Bailey's Irish Cream	Bailey's Irish Cream	Bailey's Irish Cream	Bailey's Irish Cream					400.00		t	158	129	Bailey's Irish Cream	Bailey's Irish Cream	Bailey's Irish Cream	Bailey's Irish Cream			50мл
962	Absinthe	Absinthe	Absinthe	Absinthe					400.00		t	159	129	Absinthe	Absinthe	Absinthe	Absinthe			50мл
963	Jagermeister	Jagermeister	Jagermeister	Jagermeister					400.00		t	160	129	Jagermeister	Jagermeister	Jagermeister	Jagermeister			50мл
965	Sambuca	Sambuca	Sambuca	Sambuca					400.00		t	162	129	Sambuca	Sambuca	Sambuca	Sambuca			50мл
966	Bacardi Superior	Bacardi Superior	Bacardi Superior	Bacardi Superior					350.00		t	163	129	Bacardi Superior	Bacardi Superior	Bacardi Superior	Bacardi Superior			50мл
967	Bacardi Black	Bacardi Black	Bacardi Black	Bacardi Black					350.00		t	164	129	Bacardi Black	Bacardi Black	Bacardi Black	Bacardi Black			50мл
969	Glenfiddich 12	Glenfiddich 12	Glenfiddich 12	Glenfiddich 12					980.00		t	166	129	Glenfiddich 12	Glenfiddich 12	Glenfiddich 12	Glenfiddich 12			50мл
970	Monkey shoulder	Monkey shoulder	Monkey shoulder	Monkey shoulder					750.00		t	167	129	Monkey shoulder	Monkey shoulder	Monkey shoulder	Monkey shoulder			50мл
972	Johnnie Walker Black Label	Johnnie Walker Black Label	Johnnie Walker Black Label	Johnnie Walker Black Label					650.00		t	169	129	Johnnie Walker Black Label	Johnnie Walker Black Label	Johnnie Walker Black Label	Johnnie Walker Black Label			50мл
974	Jack Daniels	Jack Daniels	Jack Daniels	Jack Daniels					490.00		t	171	129	Jack Daniels	Jack Daniels	Jack Daniels	Jack Daniels			50мл
975	Jim Beam	Jim Beam	Jim Beam	Jim Beam					400.00		t	172	129	Jim Beam	Jim Beam	Jim Beam	Jim Beam			50мл
976	Jameson	Jameson	Jameson	Jameson					450.00		t	173	129	Jameson	Jameson	Jameson	Jameson			50мл
977	Sierra silver/gold	Sierra silver/gold	Sierra silver/gold	Sierra silver/gold					450.00		t	174	129	Sierra silver/gold	Sierra silver/gold	Sierra silver/gold	Sierra silver/gold			50мл
978	Hendricks	Hendricks	Hendricks	Hendricks					650.00		t	175	129	Hendricks	Hendricks	Hendricks	Hendricks			50мл
980	Bishkek	Bishkek	Bishkek	Bishkek					180.00		t	177	129	Bishkek	Bishkek	Bishkek	Bishkek			50мл
981	Bishkek	Bishkek	Bishkek	Bishkek					1650.00		t	178	129	Bishkek	Bishkek	Bishkek	Bishkek			500мл
982	Kyrgyzstan	Kyrgyzstan	Kyrgyzstan	Kyrgyzstan					180.00		t	179	129	Kyrgyzstan	Kyrgyzstan	Kyrgyzstan	Kyrgyzstan			50мл
983	Kyrgyzstan	Kyrgyzstan	Kyrgyzstan	Kyrgyzstan					1780.00		t	180	129	Kyrgyzstan	Kyrgyzstan	Kyrgyzstan	Kyrgyzstan			500мл
984	Stolichnaya	Stolichnaya	Stolichnaya	Stolichnaya					150.00		t	181	129	Stolichnaya	Stolichnaya	Stolichnaya	Stolichnaya			50мл
986	Finlandia классика	Finlandia классика	Finlandia classic	Финляндия классикалык					295.00		t	183	129	Finlandia классика	Finlandia classic	Финляндия классикалык	Finlandia классика			50мл
988	Эко водка	Эко водка	Eco vodka	Эко арак					1280.00		t	185	129	Эко водка	Eco vodka	Эко арак	Эко водка			700мл
989	Эко водка	Эко водка	Eco vodka	Эко арак					135.00		t	186	129	Эко водка	Eco vodka	Эко арак	Эко водка			50мл
990	Органик	Органик	Organic	Органикалык					1080.00		t	187	129	Органик	Organic	Органикалык	Органик			500мл
991	Органик	Органик	Organic	Органикалык					1280.00		t	188	129	Органик	Organic	Органикалык	Органик			700мл
996	Язык дракона	Язык дракона	Dragon tongue	Ажыдаардын тили	говяжий язык, томаты, острый соевый соус	говяжий язык, томаты, острый соевый соус	beef tongue, tomatoes, spicy soy sauce	уй тили, помидор, ачуу соя соусу	495.00		t	193	111	говяжий язык, томаты, острый соевый соус	beef tongue, tomatoes, spicy soy sauce	уй тили, помидор, ачуу соя соусу	говяжий язык, томаты, острый соевый соус			300г
1006	Чай Ташкент	Чай Ташкент	Tea Tashkent	Чай Ташкент	с лимоном и мятой	с лимоном и мятой	with lemon and mint	лимон жана жалбыз менен	350.00		t	203	118	с лимоном и мятой	with lemon and mint	лимон жана жалбыз менен	с лимоном и мятой			
1007	Чай с мятой и молоком	Чай с мятой и молоком	Tea with mint and milk	Жалбыз жана сүт кошулган чай					100.00		t	204	118	Чай с мятой и молоком	Tea with mint and milk	Жалбыз жана сүт кошулган чай	Чай с мятой и молоком			
1008	Чай черный с молоком	Чай черный с молоком	Black tea with milk	Сүт менен кара чай					130.00		t	205	118	Чай черный с молоком	Black tea with milk	Сүт менен кара чай	Чай черный с молоком			
1009	Лимон	Лимон	Lemon	Лимон					130.00		t	206	118	Лимон	Lemon	Лимон	Лимон			1 шт
1010	Минеральная вода	Минеральная вода	Mineral water	Минералдык суу					85.00		t	207	118	Минеральная вода	Mineral water	Минералдык суу	Минеральная вода			1л
1012	Кола	Кола	Cola	Кола					225.00		t	209	118	Кола	Cola	Кола	Кола			0.45л
1013	Швепс Тоник	Швепс Тоник	Schweppes Tonic	Швеппес тоник					200.00		t	210	118	Швепс Тоник	Schweppes Tonic	Швеппес тоник	Швепс Тоник			
1015	Айс блэкти с яблоком и мятой	Айс блэкти с яблоком и мятой	Ice blackty with apple and mint	Алма жана жалбыз кошулган кара муз					325.00		t	212	118	Айс блэкти с яблоком и мятой	Ice blackty with apple and mint	Алма жана жалбыз кошулган кара муз	Айс блэкти с яблоком и мятой			1л
1016	Айс грин ти с малиной	Айс грин ти с малиной	Ice green tea with raspberries	Малина менен муздак көк чай					325.00		t	213	118	Айс грин ти с малиной	Ice green tea with raspberries	Малина менен муздак көк чай	Айс грин ти с малиной			1л
1018	Лимонад Лимонный	Лимонад Лимонный	Lemonade Lemon	Лимонад Лимон					225.00		t	215	118	Лимонад Лимонный	Lemonade Lemon	Лимонад Лимон	Лимонад Лимонный			350мл
1020	Лимонад Клубника-манго	Лимонад Клубника-манго	Strawberry-mango lemonade	Кулпунай-манго лимонад					455.00		t	217	118	Лимонад Клубника-манго	Strawberry-mango lemonade	Кулпунай-манго лимонад	Лимонад Клубника-манго			1л
1022	Мохито	Мохито	Mojito	Mojito					455.00		t	219	118	Мохито	Mojito	Mojito	Мохито			1л
1023	Лимонад Экзотика	Лимонад Экзотика	Lemonade Exotic	Экзотикалык лимонад	со вкусом маракуйя	со вкусом маракуйя	with passion fruit flavor	пассионардык жемиш даам менен	455.00		t	220	118	со вкусом маракуйя	with passion fruit flavor	пассионардык жемиш даам менен	со вкусом маракуйя			1л
1024	Лимонад Вишневая джаз	Лимонад Вишневая джаз	Lemonade Cherry Jazz	Limonade Cherry Jazz					455.00		t	221	118	Лимонад Вишневая джаз	Lemonade Cherry Jazz	Limonade Cherry Jazz	Лимонад Вишневая джаз			1л
1025	Лимонад Арбузный	Лимонад Арбузный	Lemonade Watermelon	Лимонад дарбыз					455.00		t	222	118	Лимонад Арбузный	Lemonade Watermelon	Лимонад дарбыз	Лимонад Арбузный			1л
1027	Смузи Маракуйя	Смузи Маракуйя	Smoothie Passion Fruit	Smoothie Passion Fruit					415.00		t	224	118	Смузи Маракуйя	Smoothie Passion Fruit	Smoothie Passion Fruit	Смузи Маракуйя			350мл
1028	Смузи Ягодный	Смузи Ягодный	Smoothie Berry	Smoothie Berry					415.00		t	225	118	Смузи Ягодный	Smoothie Berry	Smoothie Berry	Смузи Ягодный			350мл
1029	Смузи Кокос-банан	Смузи Кокос-банан	Smoothie Coconut-banana	Smoothie кокос-банан					415.00		t	226	118	Смузи Кокос-банан	Smoothie Coconut-banana	Smoothie кокос-банан	Смузи Кокос-банан			350мл
1004	Босо лагман	Босо лагман	Boso lagman	Босо лагман	с жареными овощами	с жареными овощами	with fried vegetables	куурулган жашылчалар менен	395.00		t	201	123	с жареными овощами	with fried vegetables	куурулган жашылчалар менен	с жареными овощами			350г
1005	Уйгур лагман	Уйгур лагман	Uyghur lagman	уйгур лагманы	с овощами	с овощами	with vegetables	жашылча менен	395.00		t	202	123	с овощами	with vegetables	жашылча менен	с овощами			350г
999	Бефстроганов с грибами	Бефстроганов с грибами	Beef Stroganoff with mushrooms	Козу карындар менен эт строганофф	с пюре/фри в сливочном соусе	с пюре/фри в сливочном соусе	with mashed potatoes/fries in cream sauce	каймак соуста картошка пюреси/картошка менен	565.00		t	196	130	с пюре/фри в сливочном соусе	with mashed potatoes/fries in cream sauce	каймак соуста картошка пюреси/картошка менен	с пюре/фри в сливочном соусе			350г
1058	Феттучини в сырном соусе	Феттучини в сырном соусе	Fettuccine in cheese sauce	Сыр соусунда феттучцин	с куриной грудкой / лососем	с куриной грудкой / лососем	with chicken breast / salmon	тоок төшү / лосось менен	550.00		t	255	110	с куриной грудкой / лососем	with chicken breast / salmon	тоок төшү / лосось менен	с куриной грудкой / лососем			400г
1030	Этно смузи с талканом	Этно смузи с талканом	Ethno smoothie with talkan	Талкан менен этно смузи					415.00		t	227	118	Этно смузи с талканом	Ethno smoothie with talkan	Талкан менен этно смузи	Этно смузи с талканом			350мл
1032	Молочный коктейль Черная смородина	Молочный коктейль Черная смородина	Milkshake Blackcurrant	Сүт коктейль карагат					425.00		t	229	118	Молочный коктейль Черная смородина	Milkshake Blackcurrant	Сүт коктейль карагат	Молочный коктейль Черная смородина			350мл
1033	Молочный коктейль Шоколадный	Молочный коктейль Шоколадный	Milkshake Chocolate	Сүттүү шоколад					425.00		t	230	118	Молочный коктейль Шоколадный	Milkshake Chocolate	Сүттүү шоколад	Молочный коктейль Шоколадный			350мл
1034	Shirin-Too	Shirin-Too	Shirin-Too	Shirin-Too	Ром, дыня	Ром, дыня	Rum, melon	Ром, коон	455.00		t	231	131	Ром, дыня	Rum, melon	Ром, коон	Ром, дыня			150мл
1036	Тянь-Шань сауэр	Тянь-Шань сауэр	Tien Shan sour	Тянь-Шань кычкыл	Этно виски сауэр с бурбоном и ангостурой	Этно виски сауэр с бурбоном и ангостурой	Ethno whiskey sour with bourbon and angostura	Бурбон жана ангостура кошулган кычкыл этно виски	585.00		t	233	131	Этно виски сауэр с бурбоном и ангостурой	Ethno whiskey sour with bourbon and angostura	Бурбон жана ангостура кошулган кычкыл этно виски	Этно виски сауэр с бурбоном и ангостурой			200мл
1038	Бешбармак с казы	Бешбармак с казы	Beshbarmak with kazy	Бешбармак казы менен					695.00		t	235	132	Бешбармак с казы	Beshbarmak with kazy	Бешбармак казы менен	Бешбармак с казы			450г
1040	Казы	Казы	Kazy	Казы					485.00		t	237	132	Казы	Kazy	Казы	Казы			100г
1041	Бешбармак с казы и жупка	Бешбармак с казы и жупка	Beshbarmak with kazy and zhupka	Бешбармак казы менен жупка					715.00		t	238	132	Бешбармак с казы и жупка	Beshbarmak with kazy and zhupka	Бешбармак казы менен жупка	Бешбармак с казы и жупка			500г
1042	Americano	Americano	Americano	Americano					165.00		t	239	133	Americano	Americano	Americano	Americano			200мл
1043	Latte	Latte	Latte	Latte					295.00		t	240	133	Latte	Latte	Latte	Latte			400мл
1044	Irish coffee	Irish coffee	Irish coffee	Irish coffee	Виски, кофе	Виски, кофе	Whiskey, coffee	Виски, кофе	425.00		t	241	133	Виски, кофе	Whiskey, coffee	Виски, кофе	Виски, кофе			260мл
1045	Espresso	Espresso	Espresso	Espresso					145.00		t	242	133	Espresso	Espresso	Espresso	Espresso			60мл
1046	Frappe	Frappe	Frappe	Frappe					300.00		t	243	133	Frappe	Frappe	Frappe	Frappe			400мл
1047	Iced Americano	Iced Americano	Iced Americano	Iced Americano					185.00		t	244	133	Iced Americano	Iced Americano	Iced Americano	Iced Americano			400мл
1048	Iced Latte	Iced Latte	Iced Latte	Iced Latte					335.00		t	245	133	Iced Latte	Iced Latte	Iced Latte	Iced Latte			400мл
1049	Cappuccino	Cappuccino	Cappuccino	Cappuccino					225.00		t	246	133	Cappuccino	Cappuccino	Cappuccino	Cappuccino			200мл
1050	Mexican coffee	Mexican coffee	Mexican coffee	Mexican coffee	Калуа, кофе, сливки	Калуа, кофе, сливки	Kahlua, coffee, cream	Кахлуа, кофе, каймак	525.00		t	247	133	Калуа, кофе, сливки	Kahlua, coffee, cream	Кахлуа, кофе, каймак	Калуа, кофе, сливки			260мл
1051	Горячий шоколад	Горячий шоколад	Hot chocolate	Ысык шоколад	со взбитыми сливками	со взбитыми сливками	with whipped cream	камкаймак менен	350.00		t	248	133	со взбитыми сливками	with whipped cream	камкаймак менен	со взбитыми сливками			300мл
1052	Raf	Raf	Raf	Raf	Кофе, ванильный сироп, сливки	Кофе, ванильный сироп, сливки	Coffee, vanilla syrup, cream	Кофе, ваниль сиропу, каймак	195.00		t	249	133	Кофе, ванильный сироп, сливки	Coffee, vanilla syrup, cream	Кофе, ваниль сиропу, каймак	Кофе, ванильный сироп, сливки			260мл
1054	Тирамису аффогато	Тирамису аффогато	Tiramisu affogato	Тирамису аффогато					380.00		t	251	134	Тирамису аффогато	Tiramisu affogato	Тирамису аффогато	Тирамису аффогато			
1075	Хан-батыр	Хан-батыр	Khan Batyr	Хан Батыр	Ребро говяжье томленое в собственном соку	Ребро говяжье томленое в собственном соку	Beef rib stewed in its own juice	Уйдун кабыргасы өз ширесине бышырылган	1899.00		t	272	110	Ребро говяжье томленое в собственном соку	Beef rib stewed in its own juice	Уйдун кабыргасы өз ширесине бышырылган	Ребро говяжье томленое в собственном соку			250г
1080	Говядина на жарение с овощами	Говядина на жарение с овощами	Roasted beef with vegetables	Жашылча менен куурулган уй эти					565.00		t	277	110	Говядина на жарение с овощами	Roasted beef with vegetables	Жашылча менен куурулган уй эти	Говядина на жарение с овощами			350г
1081	Курица на жарение с овощами	Курица на жарение с овощами	Roasted chicken with vegetables	Жашылча менен куурулган тоок эти					450.00		t	278	110	Курица на жарение с овощами	Roasted chicken with vegetables	Жашылча менен куурулган тоок эти	Курица на жарение с овощами			350г
1082	Курица в кисло-остром соусе	Курица в кисло-остром соусе	Chicken in hot and sour sauce	Ысык жана кычкыл соустагы тоок эти					450.00		t	279	110	Курица в кисло-остром соусе	Chicken in hot and sour sauce	Ысык жана кычкыл соустагы тоок эти	Курица в кисло-остром соусе			350г
1077	Винегрет	Винегрет	Vinaigrette	Vinaigrette	картофель, красная свекла, соленые огурцы, квашеная капуста	картофель, красная свекла, соленые огурцы, квашеная капуста	potatoes, red beets, pickles, sauerkraut	картошка, кызылча, туздалган бадыраң, туздалган капуста	325.00		t	274	111	картофель, красная свекла, соленые огурцы, квашеная капуста	potatoes, red beets, pickles, sauerkraut	картошка, кызылча, туздалган бадыраң, туздалган капуста	картофель, красная свекла, соленые огурцы, квашеная капуста			300г
1078	Хрустящие баклажаны	Хрустящие баклажаны	Crispy eggplant	Кытырак баклажан	в соусе тартар	в соусе тартар	in tartar sauce	татар соусунда	455.00		t	275	111	в соусе тартар	in tartar sauce	татар соусунда	в соусе тартар			300г
1060	Аталык	Аталык	Atalyk	Аталык	Кыргызские вина	Кыргызские вина	Kyrgyz wines	Кыргыз шараптары	300.00		t	257	135	Кыргызские вина	Kyrgyz wines	Кыргыз шараптары	Кыргызские вина			150мл
1061	Аталык	Аталык	Atalyk	Аталык	Кыргызские вина	Кыргызские вина	Kyrgyz wines	Кыргыз шараптары	1500.00		t	258	135	Кыргызские вина	Kyrgyz wines	Кыргыз шараптары	Кыргызские вина			750мл
1062	Andes	Andes	Andes	Andes	Чили, вина красный и белый сухой	Чили, вина красный и белый сухой	Chili, wine red and white dry	Чили, шарап кызыл жана ак кургак	500.00		t	259	135	Чили, вина красный и белый сухой	Chili, wine red and white dry	Чили, шарап кызыл жана ак кургак	Чили, вина красный и белый сухой			150мл
1064	Marani	Marani	Marani	Marani	Грузия, вина ассортимент	Грузия, вина ассортимент	Georgia, wine assortment	Грузия, шарап ассортименти	600.00		t	261	135	Грузия, вина ассортимент	Georgia, wine assortment	Грузия, шарап ассортименти	Грузия, вина ассортимент			150мл
1065	Marani	Marani	Marani	Marani	Грузия, вина ассортимент	Грузия, вина ассортимент	Georgia, wine assortment	Грузия, шарап ассортименти	3000.00		t	262	135	Грузия, вина ассортимент	Georgia, wine assortment	Грузия, шарап ассортименти	Грузия, вина ассортимент			750мл
1067	San Valentin	San Valentin	San Valentin	San Valentin	Испания, белое полусухое и красное сухое	Испания, белое полусухое и красное сухое	Spain, white semi-dry and red dry	Испания, ак жарым кургак жана кызыл кургак	3000.00		t	264	135	Испания, белое полусухое и красное сухое	Spain, white semi-dry and red dry	Испания, ак жарым кургак жана кызыл кургак	Испания, белое полусухое и красное сухое			750мл
1069	Frechinet Pinot Grigio	Frechinet Pinot Grigio	Frechinet Pinot Grigio	Frechinet Pinot Grigio	Италия, белое сухое, красное сухое и розовое	Италия, белое сухое, красное сухое и розовое	Italy, dry white, dry red and rose	Италия, кургак ак, кургак кызыл жана роза	3500.00		t	266	135	Италия, белое сухое, красное сухое и розовое	Italy, dry white, dry red and rose	Италия, кургак ак, кургак кызыл жана роза	Италия, белое сухое, красное сухое и розовое			750мл
1070	Celeste	Celeste	Celeste	Celeste	Испания, красное сухое	Испания, красное сухое	Spain, red dry	Испания, кызыл кургак	5500.00		t	267	135	Испания, красное сухое	Spain, red dry	Испания, кызыл кургак	Испания, красное сухое			750мл
1071	Советское	Советское	Soviet	советтик					1650.00		t	268	135	Советское	Soviet	советтик	Советское			700мл
1072	Asti Martini	Asti Martini	Asti Martini	Asti Martini					5550.00		t	269	135	Asti Martini	Asti Martini	Asti Martini	Asti Martini			700мл
1094	Кесадилья	Кесадилья	Quesadilla	Quesadilla	красная фасоль и овощи	красная фасоль и овощи	red beans and vegetables	кызыл буурчак жана жашылчалар	395.00		t	291	110	красная фасоль и овощи	red beans and vegetables	кызыл буурчак жана жашылчалар	красная фасоль и овощи			300г
1095	Жаркое с овощами	Жаркое с овощами	Roast with vegetables	жашылча менен куурулган					450.00		t	292	110	Жаркое с овощами	Roast with vegetables	жашылча менен куурулган	Жаркое с овощами			350г
1091	Куриный кебаб	Куриный кебаб	Chicken kebab	Тоок кебабы					550.00		t	288	113	Куриный кебаб	Chicken kebab	Тоок кебабы	Куриный кебаб			
1092	Люля кебаб	Люля кебаб	Lula kebab	Лула кебаб					595.00		t	289	113	Люля кебаб	Lula kebab	Лула кебаб	Люля кебаб			
1093	Адана кебаб	Адана кебаб	Adana kebab	Адана кебаб	с остринкой	с остринкой	witty	акылдуу	595.00		t	290	113	с остринкой	witty	акылдуу	с остринкой			
1103	Суп лапша с филе курицы	Суп лапша с филе курицы	Noodle soup with chicken fillet	Тоок филеси менен кесме шорпо					325.00		t	300	125	Суп лапша с филе курицы	Noodle soup with chicken fillet	Тоок филеси менен кесме шорпо	Суп лапша с филе курицы			350г
1104	Шорпо по-кыргызски с ребрышками говядины	Шорпо по-кыргызски с ребрышками говядины	Kyrgyz style Shorpo with beef ribs	Уйдун кабыргасы менен кыргыз стилиндеги Шорпо					425.00		t	301	125	Шорпо по-кыргызски с ребрышками говядины	Kyrgyz style Shorpo with beef ribs	Уйдун кабыргасы менен кыргыз стилиндеги Шорпо	Шорпо по-кыргызски с ребрышками говядины			300г
1106	Китайский острый	Китайский острый	Chinese spicy	Кытай ачуу	говядина, крахмал, яичный омлет	говядина, крахмал, яичный омлет	beef, starch, egg omelet	уй эти, крахмал, жумуртка омлет	435.00		t	303	125	говядина, крахмал, яичный омлет	beef, starch, egg omelet	уй эти, крахмал, жумуртка омлет	говядина, крахмал, яичный омлет			400г
1107	Рамен	Рамен	Ramen	Рамен	с говядиной / с курицей	с говядиной / с курицей	with beef / with chicken	уй эти менен / тоок менен	495.00		t	304	125	с говядиной / с курицей	with beef / with chicken	уй эти менен / тоок менен	с говядиной / с курицей			450г
1109	Том кха	Том кха	Tom kha	Том ха	курица, грибы, лемонграсс, рис	курица, грибы, лемонграсс, рис	chicken, mushrooms, lemongrass, rice	тоок эти, козу карындар, лимонграсс, күрүч	495.00		t	306	125	курица, грибы, лемонграсс, рис	chicken, mushrooms, lemongrass, rice	тоок эти, козу карындар, лимонграсс, күрүч	курица, грибы, лемонграсс, рис			450г
1085	Pinocolada	Pinocolada	Pinocolada	Pinocolada	Ром, ананас, кокос, сливки	Ром, ананас, кокос, сливки	Rum, pineapple, coconut, cream	Ром, ананас, кокос, каймак	395.00		t	282	131	Ром, ананас, кокос, сливки	Rum, pineapple, coconut, cream	Ром, ананас, кокос, каймак	Ром, ананас, кокос, сливки			350мл
1087	Caipiroshita	Caipiroshita	Caipiroshita	Caipiroshita	Арак/водка, лайм	Арак/водка, лайм	Arak/vodka, lime	Арак/арак, лайм	325.00		t	284	131	Арак/водка, лайм	Arak/vodka, lime	Арак/арак, лайм	Арак/водка, лайм			150мл
1088	Espresso Martini	Espresso Martini	Espresso Martini	Espresso Martini	Арак/водка, калуа, эспрессо	Арак/водка, калуа, эспрессо	Arak/vodka, Kahlua, espresso	Арак/арак, Кахлуа, эспрессо	535.00		t	285	131	Арак/водка, калуа, эспрессо	Arak/vodka, Kahlua, espresso	Арак/арак, Кахлуа, эспрессо	Арак/водка, калуа, эспрессо			150мл
1089	Mojito	Mojito	Mojito	Mojito	Ром, лайм, мята	Ром, лайм, мята	Rum, lime, mint	Ром, лайм, жалбыз	495.00		t	286	131	Ром, лайм, мята	Rum, lime, mint	Ром, лайм, жалбыз	Ром, лайм, мята			350мл
1097	Чай с Иссык-Кульских ягод облепихи	Чай с Иссык-Кульских ягод облепихи	Tea with Issyk-Kul sea buckthorn berries	Ысык-Көлдүн чычырканак мөмөлөрү кошулган чай					450.00		t	294	136	Чай с Иссык-Кульских ягод облепихи	Tea with Issyk-Kul sea buckthorn berries	Ысык-Көлдүн чычырканак мөмөлөрү кошулган чай	Чай с Иссык-Кульских ягод облепихи			
1099	Лесной с ягодами смородины	Лесной с ягодами смородины	Forest with currant berries	Карагаттын жемиштери бар токой					450.00		t	296	136	Лесной с ягодами смородины	Forest with currant berries	Карагаттын жемиштери бар токой	Лесной с ягодами смородины			
1100	Сары кыз	Сары кыз	Sary kyz	Сары кыз	со вкусом абрикоса и яблок	со вкусом абрикоса и яблок	with apricot and apple flavor	өрүк жана алма даамы менен	450.00		t	297	136	со вкусом абрикоса и яблок	with apricot and apple flavor	өрүк жана алма даамы менен	со вкусом абрикоса и яблок			
803	Жареные осьминожки	Жареные осьминожки	Fried octopus	Куурулган осьминог	Молочные сосиски, пюре, фри	Молочные сосиски, пюре, фри	Milk sausages, mashed potatoes, fries	Сүттүү колбаса, картошка пюреси, фри	315.00		t	0	105	Молочные сосиски, пюре, фри	Milk sausages, mashed potatoes, fries	Сүттүү колбаса, картошка пюреси, фри	Молочные сосиски, пюре, фри			280г
804	Блинчики	Блинчики	Pancakes	Блинкалар	с творогом, банан с нутеллой	с творогом, банан с нутеллой	with cottage cheese, banana with Nutella	быштак менен, Nutella менен банан	265.00		t	1	105	с творогом, банан с нутеллой	with cottage cheese, banana with Nutella	быштак менен, Nutella менен банан	с творогом, банан с нутеллой			3 шт
807	Кебаб сет	Кебаб сет	Kebab set	Кебаб топтому	люля, адана, куриный кебаб, гриб, овощи, картофель	люля, адана, куриный кебаб, гриб, овощи, картофель	lula, adana, chicken kebab, mushroom, vegetables, potatoes	лула, адана, тоок кебабы, козу карын, жашылчалар, картошка	4500.00		t	4	106	люля, адана, куриный кебаб, гриб, овощи, картофель	lula, adana, chicken kebab, mushroom, vegetables, potatoes	лула, адана, тоок кебабы, козу карын, жашылчалар, картошка	люля, адана, куриный кебаб, гриб, овощи, картофель			4-5 порц
809	Детский снэк	Детский снэк	Children's snack	Балдардын тамагы	куриные стрипсы, луковые кольца, восточные трубочки, фри, кетчуп и сладкий соус	куриные стрипсы, луковые кольца, восточные трубочки, фри, кетчуп и сладкий соус	chicken strips, onion rings, oriental rolls, fries, ketchup and sweet sauce	тоок тилкелери, пияз шакекчелери, чыгыш рулеттери, фри, кетчуп жана таттуу соус	650.00		t	6	107	куриные стрипсы, луковые кольца, восточные трубочки, фри, кетчуп и сладкий соус	chicken strips, onion rings, oriental rolls, fries, ketchup and sweet sauce	тоок тилкелери, пияз шакекчелери, чыгыш рулеттери, фри, кетчуп жана таттуу соус	куриные стрипсы, луковые кольца, восточные трубочки, фри, кетчуп и сладкий соус			4-5 порц
1137	Ассорти солений	Ассорти солений	Assorted pickles	Ассорти туздалган бадыраңдар	сезонный	сезонный	seasonal	сезондук	565.00		t	334	107	сезонный	seasonal	сезондук	сезонный			400г
1138	Сельдь по-домашнему	Сельдь по-домашнему	Homemade herring	Үйдө жасалган сельд	сезонный	сезонный	seasonal	сезондук	565.00		t	335	107	сезонный	seasonal	сезондук	сезонный			400г
1139	Сырная закуска	Сырная закуска	Cheese snack	Сыр тамак	брынза, пармезан, голландский сыр	брынза, пармезан, голландский сыр	feta cheese, parmesan, Dutch cheese	фета сыры, пармезан, голландиялык сыр	750.00		t	336	107	брынза, пармезан, голландский сыр	feta cheese, parmesan, Dutch cheese	фета сыры, пармезан, голландиялык сыр	брынза, пармезан, голландский сыр			3-4 порц
1141	Фруктовая нарезка	Фруктовая нарезка	Fruit slices	жемиш кесимдери	яблоко, банан, киви, ананас, апельсин, гранат	яблоко, банан, киви, ананас, апельсин, гранат	apple, banana, kiwi, pineapple, orange, pomegranate	алма, банан, киви, ананас, апельсин, анар	980.00		t	338	107	яблоко, банан, киви, ананас, апельсин, гранат	apple, banana, kiwi, pineapple, orange, pomegranate	алма, банан, киви, ананас, апельсин, анар	яблоко, банан, киви, ананас, апельсин, гранат			3-4 порц
1165	Ассорти солений	Ассорти солений	Assorted pickles	Ассорти туздалган бадыраңдар	сезонный	сезонный	seasonal	сезондук	565.00		t	362	107	сезонный	seasonal	сезондук	сезонный			400г
1166	Сельдь по-домашнему	Сельдь по-домашнему	Homemade herring	Үйдө жасалган сельд	сезонный	сезонный	seasonal	сезондук	565.00		t	363	107	сезонный	seasonal	сезондук	сезонный			400г
1167	Сырная закуска	Сырная закуска	Cheese snack	Сыр тамак	брынза, пармезан, голландский сыр	брынза, пармезан, голландский сыр	feta cheese, parmesan, Dutch cheese	фета сыры, пармезан, голландиялык сыр	750.00		t	364	107	брынза, пармезан, голландский сыр	feta cheese, parmesan, Dutch cheese	фета сыры, пармезан, голландиялык сыр	брынза, пармезан, голландский сыр			3-4 порц
1169	Фруктовая нарезка	Фруктовая нарезка	Fruit slices	жемиш кесимдери	яблоко, банан, киви, ананас, апельсин, гранат	яблоко, банан, киви, ананас, апельсин, гранат	apple, banana, kiwi, pineapple, orange, pomegranate	алма, банан, киви, ананас, апельсин, анар	980.00		t	366	107	яблоко, банан, киви, ананас, апельсин, гранат	apple, banana, kiwi, pineapple, orange, pomegranate	алма, банан, киви, ананас, апельсин, анар	яблоко, банан, киви, ананас, апельсин, гранат			3-4 порц
1199	Восточные трубочки	Восточные трубочки	Oriental tubules	Чыгыш түтүкчөлөрү	лаваш, брынза, чеснок, кисло-сладкий соус	лаваш, брынза, чеснок, кисло-сладкий соус	lavash, feta cheese, garlic, sweet and sour sauce	лаваш, фета сыры, сарымсак, таттуу жана кычкыл соус	350.00		t	396	107	лаваш, брынза, чеснок, кисло-сладкий соус	lavash, feta cheese, garlic, sweet and sour sauce	лаваш, фета сыры, сарымсак, таттуу жана кычкыл соус	лаваш, брынза, чеснок, кисло-сладкий соус			300г
1184	Чили	Чили	Chile	Чили					690.00		t	381	124	Чили	Chile	Чили	Чили			30см
1185	Чили	Чили	Chile	Чили					990.00		t	382	124	Чили	Chile	Чили	Чили			40см
1121	Ашлян-фу	Ашлян-фу	Ashlyan-fu	Ашлян-фу	корейская холодная лапша с говядиной	корейская холодная лапша с говядиной	Korean cold noodles with beef	Корей муздак кесме уй эти менен	185.00		t	318	125	корейская холодная лапша с говядиной	Korean cold noodles with beef	Корей муздак кесме уй эти менен	корейская холодная лапша с говядиной			350г
1122	Пельмени со сметаной и зеленью	Пельмени со сметаной и зеленью	Dumplings with sour cream and herbs	каймак жана чөптөр менен чүчпара					325.00		t	319	125	Пельмени со сметаной и зеленью	Dumplings with sour cream and herbs	каймак жана чөптөр менен чүчпара	Пельмени со сметаной и зеленью			350г
1123	Уха с Иссык-Кульской форелью	Уха с Иссык-Кульской форелью	Fish soup with Issyk-Kul trout	Ысык-Көл форели менен балык шорпо					495.00		t	320	125	Уха с Иссык-Кульской форелью	Fish soup with Issyk-Kul trout	Ысык-Көл форели менен балык шорпо	Уха с Иссык-Кульской форелью			450г
1110	Чизкейк талкан	Чизкейк талкан	Cheesecake talkan	Cheesecake talkan					350.00		t	307	134	Чизкейк талкан	Cheesecake talkan	Cheesecake talkan	Чизкейк талкан			
1111	Медовый	Медовый	Honey	Бал					350.00		t	308	134	Медовый	Honey	Бал	Медовый			
1113	Сансебастьян с фисташкой	Сансебастьян с фисташкой	Sansebastian with pistachio	мисте менен Sansebastian					450.00		t	310	134	Сансебастьян с фисташкой	Sansebastian with pistachio	мисте менен Sansebastian	Сансебастьян с фисташкой			
1114	Имбирный чай	Имбирный чай	Ginger tea	Имбирь чай					450.00		t	311	136	Имбирный чай	Ginger tea	Имбирь чай	Имбирный чай			
1116	Назик	Назик	Nazik	Назик	с лепестками роз и гранатовым сиропом	с лепестками роз и гранатовым сиропом	with rose petals and pomegranate syrup	роза желекчелери жана анар сиропу менен	350.00		t	313	136	с лепестками роз и гранатовым сиропом	with rose petals and pomegranate syrup	роза желекчелери жана анар сиропу менен	с лепестками роз и гранатовым сиропом			
1117	Апельсин маракуйя	Апельсин маракуйя	Orange passion fruit	Апельсин жемиш					450.00		t	314	136	Апельсин маракуйя	Orange passion fruit	Апельсин жемиш	Апельсин маракуйя			
1126	Пуэр	Пуэр	Pu'er	Pu'er	густой и бархатистый черный чай с листьев дикорастущих чайных деревьев с ореховым вкусом	густой и бархатистый черный чай с листьев дикорастущих чайных деревьев с ореховым вкусом	thick and velvety black tea from the leaves of wild tea trees with a nutty taste	жаңгак даамы менен жапайы чай дарактарынын жалбырактарынан коюу жана баркыттай кара чай	350.00		t	323	136	густой и бархатистый черный чай с листьев дикорастущих чайных деревьев с ореховым вкусом	thick and velvety black tea from the leaves of wild tea trees with a nutty taste	жаңгак даамы менен жапайы чай дарактарынын жалбырактарынан коюу жана баркыттай кара чай	густой и бархатистый черный чай с листьев дикорастущих чайных деревьев с ореховым вкусом			
1119	Ассорти «Каркыра»	Ассорти «Каркыра»	Assorted “Karkyra”	Ассорти "Каркыра"	форель, баранина, семечки, седло, двойной кебаб, окорочка, крылышки, овощи и картофель гриль	форель, баранина, семечки, седло, двойной кебаб, окорочка, крылышки, овощи и картофель гриль	trout, lamb, sunflower seeds, saddle, double kebab, legs, wings, vegetables and grilled potatoes	форель, козу, күн карама уруктары, ээр, кош кебаб, буттар, канаттар, жашылча жана гриль картошка	10980.00		t	316	138	форель, баранина, семечки, седло, двойной кебаб, окорочка, крылышки, овощи и картофель гриль	trout, lamb, sunflower seeds, saddle, double kebab, legs, wings, vegetables and grilled potatoes	форель, козу, күн карама уруктары, ээр, кош кебаб, буттар, канаттар, жашылча жана гриль картошка	форель, баранина, семечки, седло, двойной кебаб, окорочка, крылышки, овощи и картофель гриль			10-12 порц
1201	Кавказская закуска	Кавказская закуска	Caucasian appetizer	Кавказдык закуска	сыр брынза, свежие томаты, огурцы, болгарский перец и зелень	сыр брынза, свежие томаты, огурцы, болгарский перец и зелень	feta cheese, fresh tomatoes, cucumbers, bell peppers and herbs	фета сыры, жаңы помидор, бадыраң, болгар калемпири жана чөптөр	595.00		t	398	107	сыр брынза, свежие томаты, огурцы, болгарский перец и зелень	feta cheese, fresh tomatoes, cucumbers, bell peppers and herbs	фета сыры, жаңы помидор, бадыраң, болгар калемпири жана чөптөр	сыр брынза, свежие томаты, огурцы, болгарский перец и зелень			550г
1203	Фирменная мясная закуска «Дасторкон»	Фирменная мясная закуска «Дасторкон»	Branded meat snack "Dastorkon"	"Дасторкон" фирмалык эт закускасы	казы, язык, копченая ушка, конина, лук	казы, язык, копченая ушка, конина, лук	kazy, tongue, smoked abalone, horse meat, onion	казы, тил, ышталган акбар, жылкынын эти, пияз	1350.00		t	400	107	казы, язык, копченая ушка, конина, лук	kazy, tongue, smoked abalone, horse meat, onion	казы, тил, ышталган акбар, жылкынын эти, пияз	казы, язык, копченая ушка, конина, лук			500г
816	Классический плов	Классический плов	Classic pilaf	Классикалык палоо	с ребрышками баранины и говядиной, рис, чеснок, перец	с ребрышками баранины и говядиной, рис, чеснок, перец	with lamb and beef ribs, rice, garlic, pepper	козу жана уй кабыргасы, күрүч, сарымсак, калемпир менен	3285.00		t	13	109	с ребрышками баранины и говядиной, рис, чеснок, перец	with lamb and beef ribs, rice, garlic, pepper	козу жана уй кабыргасы, күрүч, сарымсак, калемпир менен	с ребрышками баранины и говядиной, рис, чеснок, перец			1 кг
817	Фирменный плов «Дасторкон»	Фирменный плов «Дасторкон»	Branded pilaf "Dastorkon"	фирмалык палоо "Дасторкон"	с ребрышками баранины и говядиной, казы, яйца, чеснок, перец	с ребрышками баранины и говядиной, казы, яйца, чеснок, перец	with lamb and beef ribs, kazy, eggs, garlic, pepper	козу жана уйдун кабыргасы, казы, жумуртка, сарымсак, калемпир менен	3985.00		t	14	109	с ребрышками баранины и говядиной, казы, яйца, чеснок, перец	with lamb and beef ribs, kazy, eggs, garlic, pepper	козу жана уйдун кабыргасы, казы, жумуртка, сарымсак, калемпир менен	с ребрышками баранины и говядиной, казы, яйца, чеснок, перец			1 кг
876	Мясо по-китайски с рисом	Мясо по-китайски с рисом	Chinese meat with rice	Кытай эти күрүч менен					455.00		t	73	110	Мясо по-китайски с рисом	Chinese meat with rice	Кытай эти күрүч менен	Мясо по-китайски с рисом			450г
877	Азу с говядиной	Азу с говядиной	Azu with beef	Азу уй эти менен	картофель фри и соленые огурцы	картофель фри и соленые огурцы	French fries and pickles	Фри жана туздалган бадыраң	515.00		t	74	110	картофель фри и соленые огурцы	French fries and pickles	Фри жана туздалган бадыраң	картофель фри и соленые огурцы			450г
887	Спагетти в томатном соусе	Спагетти в томатном соусе	Spaghetti in tomato sauce	Помидор соусунда спагетти	с куриной грудкой / лососем	с куриной грудкой / лососем	with chicken breast / salmon	тоок төшү / лосось менен	525.00		t	84	110	с куриной грудкой / лососем	with chicken breast / salmon	тоок төшү / лосось менен	с куриной грудкой / лососем			400г
914	Пенне арабиата	Пенне арабиата	Penne arabiata	Penne arabiata	с курицей, с остринкой	с курицей, с остринкой	with chicken, spicy	тоок менен, ачуу	535.00		t	111	110	с курицей, с остринкой	with chicken, spicy	тоок менен, ачуу	с курицей, с остринкой			400г
915	Фрикасе с грибами	Фрикасе с грибами	Fricassee with mushrooms	козу карын менен Fricassee	с грибами и пюре	с грибами и пюре	with mushrooms and puree	козу карындар жана пюре менен	485.00		t	112	110	с грибами и пюре	with mushrooms and puree	козу карындар жана пюре менен	с грибами и пюре			400г
1000	Карри с курицей	Карри с курицей	Chicken curry	Тоок карри					485.00		t	197	110	Карри с курицей	Chicken curry	Тоок карри	Карри с курицей			400г
1001	Кесадилья с курицей, сыром и овощами	Кесадилья с курицей, сыром и овощами	Quesadilla with chicken, cheese and vegetables	тоок, сыр жана жашылча менен Quesadilla					435.00		t	198	110	Кесадилья с курицей, сыром и овощами	Quesadilla with chicken, cheese and vegetables	тоок, сыр жана жашылча менен Quesadilla	Кесадилья с курицей, сыром и овощами			350г
1002	Курица том ям	Курица том ям	Tom yum chicken	Том yum тоок	с жареным арахисом, рисом и соусом том ям	с жареным арахисом, рисом и соусом том ям	with fried peanuts, rice and tom yam sauce	куурулган арахис, күрүч жана Том ям соусу менен	525.00		t	199	110	с жареным арахисом, рисом и соусом том ям	with fried peanuts, rice and tom yam sauce	куурулган арахис, күрүч жана Том ям соусу менен	с жареным арахисом, рисом и соусом том ям			400г
1056	Форель стейк	Форель стейк	Trout steak	Форель стейк	с овощами на пару	с овощами на пару	with steamed vegetables	бууланган жашылчалар менен	1215.00		t	253	110	с овощами на пару	with steamed vegetables	бууланган жашылчалар менен	с овощами на пару			450г
1057	Форель стейк	Форель стейк	Trout steak	Форель стейк	с овощами и винным соусом	с овощами и винным соусом	with vegetables and wine sauce	жашылча жана шарап соусу менен	1215.00		t	254	110	с овощами и винным соусом	with vegetables and wine sauce	жашылча жана шарап соусу менен	с овощами и винным соусом			450г
1059	Форель стейк	Форель стейк	Trout steak	Форель стейк	со сливочно-грибным соусом	со сливочно-грибным соусом	with creamy mushroom sauce	каймактуу козу карын соусу менен	1215.00		t	256	110	со сливочно-грибным соусом	with creamy mushroom sauce	каймактуу козу карын соусу менен	со сливочно-грибным соусом			450г
1073	Лосось в сливочно-сырном соусе	Лосось в сливочно-сырном соусе	Salmon in cream cheese sauce	Каймак сыр соусунда лосось					1399.00		t	270	110	Лосось в сливочно-сырном соусе	Salmon in cream cheese sauce	Каймак сыр соусунда лосось	Лосось в сливочно-сырном соусе			350г
1074	Рибай стейк Jailoo	Рибай стейк Jailoo	Ribeye Steak Jailoo	Ribeye Steak жайлоосу	Шампиньоны, брокколи, картофель и сливочно-сырный соус	Шампиньоны, брокколи, картофель и сливочно-сырный соус	Champignons, broccoli, potatoes and cream cheese sauce	Шампиньондор, брокколи, картошка жана каймак сыр соусу	1899.00		t	271	110	Шампиньоны, брокколи, картофель и сливочно-сырный соус	Champignons, broccoli, potatoes and cream cheese sauce	Шампиньондор, брокколи, картошка жана каймак сыр соусу	Шампиньоны, брокколи, картофель и сливочно-сырный соус			450г
1083	Курица в кисло-сладком соусе	Курица в кисло-сладком соусе	Chicken in sweet and sour sauce	Таттуу жана кычкыл соустагы тоок эти					450.00		t	280	110	Курица в кисло-сладком соусе	Chicken in sweet and sour sauce	Таттуу жана кычкыл соустагы тоок эти	Курица в кисло-сладком соусе			300г
1084	Говядина на жаровне с луком	Говядина на жаровне с луком	Beef on a roasting pan with onions	Пияз менен куурулган табада уй эти					685.00		t	281	110	Говядина на жаровне с луком	Beef on a roasting pan with onions	Пияз менен куурулган табада уй эти	Говядина на жаровне с луком			350г
1096	Нут с красной фасолью	Нут с красной фасолью	Chickpeas with red beans	Кызыл буурчак менен нокот					550.00		t	293	110	Нут с красной фасолью	Chickpeas with red beans	Кызыл буурчак менен нокот	Нут с красной фасолью			300г
824	Хрустящие баклажаны	Хрустящие баклажаны	Crispy eggplant	Кытырак баклажан	кунжут, руккола, соус сумах-тахини	кунжут, руккола, соус сумах-тахини	sesame, arugula, sumac-tahini sauce	кунжут, рукола, сумак-тахини соусу	455.00		t	21	111	кунжут, руккола, соус сумах-тахини	sesame, arugula, sumac-tahini sauce	кунжут, рукола, сумак-тахини соусу	кунжут, руккола, соус сумах-тахини			300г
825	Тайский	Тайский	Thai	Тайча	говядина, микс салат, арахис, тайский соус	говядина, микс салат, арахис, тайский соус	beef, mixed salad, peanuts, Thai sauce	уй эти, аралаш салат, арахис, тай соусу	465.00		t	22	111	говядина, микс салат, арахис, тайский соус	beef, mixed salad, peanuts, Thai sauce	уй эти, аралаш салат, арахис, тай соусу	говядина, микс салат, арахис, тайский соус			300г
895	Салат Тбилиси	Салат Тбилиси	Salad Tbilisi	Салат Тбилиси	говяжий язык, овощи, грецкий орех, фасоль, кинза, чеснок	говяжий язык, овощи, грецкий орех, фасоль, кинза, чеснок	beef tongue, vegetables, walnuts, beans, cilantro, garlic	уй тили, жашылчалар, жаңгак, буурчак, кинза, сарымсак	465.00		t	92	111	говяжий язык, овощи, грецкий орех, фасоль, кинза, чеснок	beef tongue, vegetables, walnuts, beans, cilantro, garlic	уй тили, жашылчалар, жаңгак, буурчак, кинза, сарымсак	говяжий язык, овощи, грецкий орех, фасоль, кинза, чеснок			300г
1129	Куриная	Куриная	Chicken	тоок					580.00		t	326	124	Куриная	Chicken	тоок	Куриная			30см
1128	Сетун с йегермейстером	Сетун с йегермейстером	Setun with Jägermeister	Джегермейстер менен Сетун	согревающий ароматный черный чай со вкусом корицы и остринкой	согревающий ароматный черный чай со вкусом корицы и остринкой	warming aromatic black tea with cinnamon flavor and spice	корица даамы жана жыпар жыттуу жыпар жыттуу кара чай	650.00		t	325	136	согревающий ароматный черный чай со вкусом корицы и остринкой	warming aromatic black tea with cinnamon flavor and spice	корица даамы жана жыпар жыттуу жыпар жыттуу кара чай	согревающий ароматный черный чай со вкусом корицы и остринкой			
896	Греческий караван	Греческий караван	Greek caravan	Грек кербени	свежие томаты, огурцы, салатные листья, болгарский перец, сыр фета, лимон	свежие томаты, огурцы, салатные листья, болгарский перец, сыр фета, лимон	fresh tomatoes, cucumbers, lettuce, bell pepper, feta cheese, lemon	жаңы помидор, бадыраң, салат жалбырагы, болгар калемпири, фета сыры, лимон	395.00		t	93	111	свежие томаты, огурцы, салатные листья, болгарский перец, сыр фета, лимон	fresh tomatoes, cucumbers, lettuce, bell pepper, feta cheese, lemon	жаңы помидор, бадыраң, салат жалбырагы, болгар калемпири, фета сыры, лимон	свежие томаты, огурцы, салатные листья, болгарский перец, сыр фета, лимон			300г
993	Капрезе	Капрезе	Caprese	Caprese	томаты, моцарелла сыр, фирменный песто соус и кедровые орешки	томаты, моцарелла сыр, фирменный песто соус и кедровые орешки	tomatoes, mozzarella cheese, signature pesto sauce and pine nuts	помидор, моцарелла сыры, кол коюу песто соусу жана карагай жаңгагы	485.00		t	190	111	томаты, моцарелла сыр, фирменный песто соус и кедровые орешки	tomatoes, mozzarella cheese, signature pesto sauce and pine nuts	помидор, моцарелла сыры, кол коюу песто соусу жана карагай жаңгагы	томаты, моцарелла сыр, фирменный песто соус и кедровые орешки			300г
994	Оливье	Оливье	Olivier	Оливье	картофель, морковь, соленые огурцы, копченая колбаса, яйцо, майонез	картофель, морковь, соленые огурцы, копченая колбаса, яйцо, майонез	potatoes, carrots, pickles, smoked sausage, egg, mayonnaise	картошка, сабиз, туздалган бадыраң, ышталган колбаса, жумуртка, майонез	355.00		t	191	111	картофель, морковь, соленые огурцы, копченая колбаса, яйцо, майонез	potatoes, carrots, pickles, smoked sausage, egg, mayonnaise	картошка, сабиз, туздалган бадыраң, ышталган колбаса, жумуртка, майонез	картофель, морковь, соленые огурцы, копченая колбаса, яйцо, майонез			300г
1076	Гнездо	Гнездо	Nest	Nest	курица, соленые огурцы, картофель пай и майонез	курица, соленые огурцы, картофель пай и майонез	chicken, pickles, potato pie and mayonnaise	тоок, туздалган бадыраң, картошка пирогу жана майонез	365.00		t	273	111	курица, соленые огурцы, картофель пай и майонез	chicken, pickles, potato pie and mayonnaise	тоок, туздалган бадыраң, картошка пирогу жана майонез	курица, соленые огурцы, картофель пай и майонез			280г
1079	Шпинат	Шпинат	Spinach	Шпинат	апельсин, сыр фета и семечки подсолнуха	апельсин, сыр фета и семечки подсолнуха	orange, feta cheese and sunflower seeds	апельсин, фета сыр жана күн карама уруктары	395.00		t	276	111	апельсин, сыр фета и семечки подсолнуха	orange, feta cheese and sunflower seeds	апельсин, фета сыр жана күн карама уруктары	апельсин, сыр фета и семечки подсолнуха			280г
1192	Мергенчи	Мергенчи	Mergenchi	Мергенчи	копченая курица и колбаса, охотничьи колбаски, кириешки и майонез	копченая курица и колбаса, охотничьи колбаски, кириешки и майонез	smoked chicken and sausage, hunting sausages, kirieshki and mayonnaise	ышталган тоок жана колбаса, мергенчилик колбаса, кириешки жана майонез	415.00		t	389	111	копченая курица и колбаса, охотничьи колбаски, кириешки и майонез	smoked chicken and sausage, hunting sausages, kirieshki and mayonnaise	ышталган тоок жана колбаса, мергенчилик колбаса, кириешки жана майонез	копченая курица и колбаса, охотничьи колбаски, кириешки и майонез			280г
1207	Огни Иссык-Куля	Огни Иссык-Куля	Lights of Issyk-Kul	Ысык-Көлдүн жарыктары	говяжий язык, овощи, сельдерей, соевый соус с кунжутом	говяжий язык, овощи, сельдерей, соевый соус с кунжутом	beef tongue, vegetables, celery, soy sauce with sesame seeds	уй тили, жашылчалар, сельдерей, кунжут уруктары менен соя соусу	455.00		t	404	111	говяжий язык, овощи, сельдерей, соевый соус с кунжутом	beef tongue, vegetables, celery, soy sauce with sesame seeds	уй тили, жашылчалар, сельдерей, кунжут уруктары менен соя соусу	говяжий язык, овощи, сельдерей, соевый соус с кунжутом			300г
828	Гамян	Гамян	Gamyan	Гамян	курица, овощи, лапша ручной работы	курица, овощи, лапша ручной работы	chicken, vegetables, handmade noodles	тоок эти, жашылча, колго жасалган кесме	455.00		t	25	112	курица, овощи, лапша ручной работы	chicken, vegetables, handmade noodles	тоок эти, жашылча, колго жасалган кесме	курица, овощи, лапша ручной работы			450г
1140	Фруктовая нарезка	Фруктовая нарезка	Fruit slices	жемиш кесимдери	яблоко, банан, киви, ананас, апельсин, гранат	яблоко, банан, киви, ананас, апельсин, гранат	apple, banana, kiwi, pineapple, orange, pomegranate	алма, банан, киви, ананас, апельсин, анар	680.00		t	337	107	яблоко, банан, киви, ананас, апельсин, гранат	apple, banana, kiwi, pineapple, orange, pomegranate	алма, банан, киви, ананас, апельсин, анар	яблоко, банан, киви, ананас, апельсин, гранат			2-3 порц
1130	Куриная	Куриная	Chicken	тоок					880.00		t	327	124	Куриная	Chicken	тоок	Куриная			40см
1131	Цезарь с курицей	Цезарь с курицей	Caesar with chicken	Цезарь тоок менен					780.00		t	328	124	Цезарь с курицей	Caesar with chicken	Цезарь тоок менен	Цезарь с курицей			30см
1132	Цезарь с курицей	Цезарь с курицей	Caesar with chicken	Цезарь тоок менен					980.00		t	329	124	Цезарь с курицей	Caesar with chicken	Цезарь тоок менен	Цезарь с курицей			40см
1133	Песто	Песто	Pesto	Песто					780.00		t	330	124	Песто	Pesto	Песто	Песто			30см
1134	Песто	Песто	Pesto	Песто					980.00		t	331	124	Песто	Pesto	Песто	Песто			40см
1135	Барбекю	Барбекю	B-B-Q	B-B-Q					580.00		t	332	124	Барбекю	B-B-Q	B-B-Q	Барбекю			30см
1136	Барбекю	Барбекю	B-B-Q	B-B-Q					880.00		t	333	124	Барбекю	B-B-Q	B-B-Q	Барбекю			40см
1186	Сырная	Сырная	Cheese	Сыр					680.00		t	383	124	Сырная	Cheese	Сыр	Сырная			30см
1187	Сырная	Сырная	Cheese	Сыр					980.00		t	384	124	Сырная	Cheese	Сыр	Сырная			40см
1188	Овощи и грибы	Овощи и грибы	Vegetables and mushrooms	Жашылчалар жана козу карындар					680.00		t	385	124	Овощи и грибы	Vegetables and mushrooms	Жашылчалар жана козу карындар	Овощи и грибы			30см
1149	Ашлян-фу	Ашлян-фу	Ashlyan-fu	Ашлян-фу	корейская холодная лапша с говядиной	корейская холодная лапша с говядиной	Korean cold noodles with beef	Корей муздак кесме уй эти менен	185.00		t	346	125	корейская холодная лапша с говядиной	Korean cold noodles with beef	Корей муздак кесме уй эти менен	корейская холодная лапша с говядиной			350г
1150	Пельмени со сметаной и зеленью	Пельмени со сметаной и зеленью	Dumplings with sour cream and herbs	каймак жана чөптөр менен чүчпара					325.00		t	347	125	Пельмени со сметаной и зеленью	Dumplings with sour cream and herbs	каймак жана чөптөр менен чүчпара	Пельмени со сметаной и зеленью			350г
1151	Уха с Иссык-Кульской форелью	Уха с Иссык-Кульской форелью	Fish soup with Issyk-Kul trout	Ысык-Көл форели менен балык шорпо					495.00		t	348	125	Уха с Иссык-Кульской форелью	Fish soup with Issyk-Kul trout	Ысык-Көл форели менен балык шорпо	Уха с Иссык-Кульской форелью			450г
1142	Имбирный чай	Имбирный чай	Ginger tea	Имбирь чай					450.00		t	339	136	Имбирный чай	Ginger tea	Имбирь чай	Имбирный чай			
1143	Чай с ягодами малины с нотками гибискуса	Чай с ягодами малины с нотками гибискуса	Raspberry tea with notes of hibiscus	Гибискус ноталары менен малина чай					450.00		t	340	136	Чай с ягодами малины с нотками гибискуса	Raspberry tea with notes of hibiscus	Гибискус ноталары менен малина чай	Чай с ягодами малины с нотками гибискуса			
1145	Апельсин маракуйя	Апельсин маракуйя	Orange passion fruit	Апельсин жемиш					450.00		t	342	136	Апельсин маракуйя	Orange passion fruit	Апельсин жемиш	Апельсин маракуйя			
1147	Ассорти «Каркыра»	Ассорти «Каркыра»	Assorted “Karkyra”	Ассорти "Каркыра"	форель, баранина, семечки и седло, двойной кебаб, окорочка, крылышки, овощи и картофель гриль	форель, баранина, семечки и седло, двойной кебаб, окорочка, крылышки, овощи и картофель гриль	trout, lamb, sunflower seeds and saddle, double kebab, legs, wings, vegetables and grilled potatoes	форель, козу, күн карама жана ээр, кош кебаб, буттар, канаттар, жашылча жана гриль картошка	10980.00		t	344	138	форель, баранина, семечки и седло, двойной кебаб, окорочка, крылышки, овощи и картофель гриль	trout, lamb, sunflower seeds and saddle, double kebab, legs, wings, vegetables and grilled potatoes	форель, козу, күн карама жана ээр, кош кебаб, буттар, канаттар, жашылча жана гриль картошка	форель, баранина, семечки и седло, двойной кебаб, окорочка, крылышки, овощи и картофель гриль			10-12 порц
837	Баранина с курдюком	Баранина с курдюком	Lamb with fat tail	Майлуу куйруктуу козу					595.00		t	34	113	Баранина с курдюком	Lamb with fat tail	Майлуу куйруктуу козу	Баранина с курдюком			
841	Шампиньоны	Шампиньоны	Champignons	Шампиньондор					380.00		t	38	113	Шампиньоны	Champignons	Шампиньондор	Шампиньоны			
843	Куриные крылышки 1 м	Куриные крылышки 1 м	Chicken wings 1 m	Тоок канаттары 1 м					1450.00		t	40	113	Куриные крылышки 1 м	Chicken wings 1 m	Тоок канаттары 1 м	Куриные крылышки 1 м			
847	Ассорти 5 видов 1 м	Ассорти 5 видов 1 м	Assorted 5 types 1 m	Ассорти 5 түрү 1 м					2250.00		t	44	113	Ассорти 5 видов 1 м	Assorted 5 types 1 m	Ассорти 5 түрү 1 м	Ассорти 5 видов 1 м			
851	Картофель по-деревенски	Картофель по-деревенски	Country style potatoes	Өлкө стилиндеги картошка					185.00		t	48	114	Картофель по-деревенски	Country style potatoes	Өлкө стилиндеги картошка	Картофель по-деревенски			250г
858	Тайкан-сузьма	Тайкан-сузьма	Taykan-Suzma	Тайкан-Сузма					70.00		t	55	115	Тайкан-сузьма	Taykan-Suzma	Тайкан-Сузма	Тайкан-сузьма			50г
862	Ашлян-фу соус	Ашлян-фу соус	Ashlan-fu sauce	Ашлан-фу соусу					80.00		t	59	115	Ашлян-фу соус	Ashlan-fu sauce	Ашлан-фу соусу	Ашлян-фу соус			100г
870	Стручковый перец чили	Стручковый перец чили	Chili pepper	Чили калемпири					50.00		t	67	116	Стручковый перец чили	Chili pepper	Чили калемпири	Стручковый перец чили			1 шт
874	Манты жареные с мясом	Манты жареные с мясом	Manti fried with meat	Эт менен куурулган манты					365.00		t	71	117	Манты жареные с мясом	Manti fried with meat	Эт менен куурулган манты	Манты жареные с мясом			5 шт
879	Глинтвейн белый с имбирем	Глинтвейн белый с имбирем	White mulled wine with ginger	Имбирь кошулган ак глинтлинель шарап					395.00		t	76	118	Глинтвейн белый с имбирем	White mulled wine with ginger	Имбирь кошулган ак глинтлинель шарап	Глинтвейн белый с имбирем			200мл
884	B-53	B-53	B-53	B-53	калуа, бейлис, абсент	калуа, бейлис, абсент	Kahlua, Baileys, absinthe	Кахлуа, Бейлис, абсент	495.00		t	81	118	калуа, бейлис, абсент	Kahlua, Baileys, absinthe	Кахлуа, Бейлис, абсент	калуа, бейлис, абсент			
885	Hiroshima	Hiroshima	Hiroshima	Hiroshima	гренадин, самбука, бейлис, абсент	гренадин, самбука, бейлис, абсент	grenadine, sambuca, baileys, absinthe	гранадин, самбука, бейли, абсент	495.00		t	82	118	гренадин, самбука, бейлис, абсент	grenadine, sambuca, baileys, absinthe	гранадин, самбука, бейли, абсент	гренадин, самбука, бейлис, абсент			
1011	Кола, Фанта, Спрайт	Кола, Фанта, Спрайт	Cola, Fanta, Sprite	Кола, Фанта, Спрайт					215.00		t	208	118	Кола, Фанта, Спрайт	Cola, Fanta, Sprite	Кола, Фанта, Спрайт	Кола, Фанта, Спрайт			1л
1014	Компот из сухофруктов	Компот из сухофруктов	Dried fruit compote	Кургатылган жемиш компоту					225.00		t	211	118	Компот из сухофруктов	Dried fruit compote	Кургатылган жемиш компоту	Компот из сухофруктов			1л
1017	Чалап с мятой	Чалап с мятой	Chalap with mint	Жалбыз менен чалап					325.00		t	214	118	Чалап с мятой	Chalap with mint	Жалбыз менен чалап	Чалап с мятой			1л
1019	Лимонад Лесные ягоды	Лимонад Лесные ягоды	Lemonade Wild berries	Лимонад Жапайы мөмөлөр					455.00		t	216	118	Лимонад Лесные ягоды	Lemonade Wild berries	Лимонад Жапайы мөмөлөр	Лимонад Лесные ягоды			1л
1021	Лимонад Апельсин-маракуйя	Лимонад Апельсин-маракуйя	Orange-passion fruit lemonade	Апельсин-патсиондуу лимонад					455.00		t	218	118	Лимонад Апельсин-маракуйя	Orange-passion fruit lemonade	Апельсин-патсиондуу лимонад	Лимонад Апельсин-маракуйя			1л
1026	Смузи Манго-банан	Смузи Манго-банан	Smoothie Mango Banana	Smoothie манго банан					415.00		t	223	118	Смузи Манго-банан	Smoothie Mango Banana	Smoothie манго банан	Смузи Манго-банан			350мл
1031	Молочный коктейль Клубничный	Молочный коктейль Клубничный	Milkshake Strawberry	Milkshake Strawberry					425.00		t	228	118	Молочный коктейль Клубничный	Milkshake Strawberry	Milkshake Strawberry	Молочный коктейль Клубничный			350мл
891	Запеченная утка	Запеченная утка	Roast duck	Куурулган өрдөк	картофельное пюре, шпинат, клюквенный соус	картофельное пюре, шпинат, клюквенный соус	mashed potatoes, spinach, cranberry sauce	картошка пюреси, шпинат, клюква соусу	799.00		t	88	120	картофельное пюре, шпинат, клюквенный соус	mashed potatoes, spinach, cranberry sauce	картошка пюреси, шпинат, клюква соусу	картофельное пюре, шпинат, клюквенный соус			350г
906	Глазунья по-мексикански	Глазунья по-мексикански	Mexican fried egg	Мексикалык куурулган жумуртка	с тартини	с тартини	with tartini	тартини менен	450.00		t	103	121	с тартини	with tartini	тартини менен	с тартини			300г
907	Английский завтрак	Английский завтрак	English breakfast	Англис эртең мененки тамак	с куриными колбасками, яичницей и творожным соусом	с куриными колбасками, яичницей и творожным соусом	with chicken sausages, scrambled eggs and cottage cheese sauce	тоок колбаса, жумуртка жана быштак соусу менен	550.00		t	104	121	с куриными колбасками, яичницей и творожным соусом	with chicken sausages, scrambled eggs and cottage cheese sauce	тоок колбаса, жумуртка жана быштак соусу менен	с куриными колбасками, яичницей и творожным соусом			300г
912	Кыргызский завтрак	Кыргызский завтрак	Kyrgyz breakfast	Кыргыз эртең мененки тамак	этно-лепешка, казы, вареное яйцо, талкан, облепиха-сузьма, мед, грецкий орех	этно-лепешка, казы, вареное яйцо, талкан, облепиха-сузьма, мед, грецкий орех	ethno-flatbread, kazy, boiled egg, talkan, sea buckthorn-suzma, honey, walnut	этно нан, казы, кайнатылган жумуртка, талкан, чычырканак-сузма, бал, жаңгак	750.00		t	109	121	этно-лепешка, казы, вареное яйцо, талкан, облепиха-сузьма, мед, грецкий орех	ethno-flatbread, kazy, boiled egg, talkan, sea buckthorn-suzma, honey, walnut	этно нан, казы, кайнатылган жумуртка, талкан, чычырканак-сузма, бал, жаңгак	этно-лепешка, казы, вареное яйцо, талкан, облепиха-сузьма, мед, грецкий орех			2 порц
917	Американский завтрак	Американский завтрак	American breakfast	Америкалык эртең мененки тамак	яйцо болтунья, малосольный лосось, руккола, черри, тартин & творожный соус	яйцо болтунья, малосольный лосось, руккола, черри, тартин & творожный соус	scrambled egg, salted salmon, arugula, cherry tomatoes, tartine & curd sauce	жумуртка, туздалган лосось, рукола, алча помидор, тартин жана быштак соусу	550.00		t	114	121	яйцо болтунья, малосольный лосось, руккола, черри, тартин & творожный соус	scrambled egg, salted salmon, arugula, cherry tomatoes, tartine & curd sauce	жумуртка, туздалган лосось, рукола, алча помидор, тартин жана быштак соусу	яйцо болтунья, малосольный лосось, руккола, черри, тартин & творожный соус			350г
918	Боул с малосольной лососиной	Боул с малосольной лососиной	Bowl with salted salmon	Туздалган лосось менен табак					450.00		t	115	121	Боул с малосольной лососиной	Bowl with salted salmon	Туздалган лосось менен табак	Боул с малосольной лососиной			300г
919	Хрустящий тост	Хрустящий тост	Crisp toast	Кытырак тост	малосольный лосось & нежный творожный соус	малосольный лосось & нежный творожный соус	lightly salted salmon & delicate curd sauce	жеңил туздалган лосось жана назик быштак соусу	295.00		t	116	121	малосольный лосось & нежный творожный соус	lightly salted salmon & delicate curd sauce	жеңил туздалган лосось жана назик быштак соусу	малосольный лосось & нежный творожный соус			200г
924	Босо лагман	Босо лагман	Boso lagman	Босо лагман	говядина, овощи и лапша ручного приготовления	говядина, овощи и лапша ручного приготовления	beef, vegetables and handmade noodles	уй эти, жашылча жана колго жасалган кесме	425.00		t	121	123	говядина, овощи и лапша ручного приготовления	beef, vegetables and handmade noodles	уй эти, жашылча жана колго жасалган кесме	говядина, овощи и лапша ручного приготовления			450г
1003	Гречневая лапша с овощами	Гречневая лапша с овощами	Buckwheat noodles with vegetables	Жашылча менен гречка кесме					450.00		t	200	123	Гречневая лапша с овощами	Buckwheat noodles with vegetables	Жашылча менен гречка кесме	Гречневая лапша с овощами			350г
928	Маргарита (40 см)	Маргарита (40 см)	Margarita (40 cm)	Маргарита (40 см)					780.00		t	125	124	Маргарита (40 см)	Margarita (40 cm)	Маргарита (40 см)	Маргарита (40 см)			40см
931	Этно пицца (30 см)	Этно пицца (30 см)	Ethno pizza (30 cm)	Этно пицца (30 см)	с национальной колбасой казы	с национальной колбасой казы	with national sausage kazy	улуттук колбаса казы менен	780.00		t	128	124	с национальной колбасой казы	with national sausage kazy	улуттук колбаса казы менен	с национальной колбасой казы			30см
934	Дасторкон Микс (40 см)	Дасторкон Микс (40 см)	Dastorcon Mix (40 cm)	Дасторкон Микс (40 см)					980.00		t	131	124	Дасторкон Микс (40 см)	Dastorcon Mix (40 cm)	Дасторкон Микс (40 см)	Дасторкон Микс (40 см)			40см
1182	Азиатская с говядиной	Азиатская с говядиной	Asian with beef	уй эти менен азиялык					680.00		t	379	124	Азиатская с говядиной	Asian with beef	уй эти менен азиялык	Азиатская с говядиной			30см
1183	Азиатская с говядиной	Азиатская с говядиной	Asian with beef	уй эти менен азиялык					980.00		t	380	124	Азиатская с говядиной	Asian with beef	уй эти менен азиялык	Азиатская с говядиной			40см
937	Кукси по корейски	Кукси по корейски	Kuksi in Korean	Корей тилинде Кукси	сезонная	сезонная	seasonal	сезондук	395.00		t	134	125	сезонная	seasonal	сезондук	сезонная			400г
1101	Анчы шорпо	Анчы шорпо	Anchy Shorpo	Анчы Шорпо	говядина, нут, кусочки теста	говядина, нут, кусочки теста	beef, chickpeas, pieces of dough	уй эти, нокот, камыр кесимдери	395.00		t	298	125	говядина, нут, кусочки теста	beef, chickpeas, pieces of dough	уй эти, нокот, камыр кесимдери	говядина, нут, кусочки теста			400г
1102	Чабан шорпо	Чабан шорпо	Shepherd Shorpo	Чабан Шорпо	говядина, копченая корейка, курдюк, картофель, лапша	говядина, копченая корейка, курдюк, картофель, лапша	beef, smoked loin, fat tail, potatoes, noodles	уй эти, ышталган бел, май куйрук, картошка, кесме	455.00		t	299	125	говядина, копченая корейка, курдюк, картофель, лапша	beef, smoked loin, fat tail, potatoes, noodles	уй эти, ышталган бел, май куйрук, картошка, кесме	говядина, копченая корейка, курдюк, картофель, лапша			400г
1108	Том ям	Том ям	Tom yum	Том юм	Иссык-Кульская форель, шампиньоны, лемонграсс, рис	Иссык-Кульская форель, шампиньоны, лемонграсс, рис	Issyk-Kul trout, champignons, lemongrass, rice	Ысык-Көл форели, шампиньондор, лимон чөптөрү, күрүч	585.00		t	305	125	Иссык-Кульская форель, шампиньоны, лемонграсс, рис	Issyk-Kul trout, champignons, lemongrass, rice	Ысык-Көл форели, шампиньондор, лимон чөптөрү, күрүч	Иссык-Кульская форель, шампиньоны, лемонграсс, рис			450г
1120	Солянка мясная	Солянка мясная	Meat Solyanka	Эт Солянка	копченая колбаса, курица, говядина, соленые огурцы, оливки, сметана, красный бульон	копченая колбаса, курица, говядина, соленые огурцы, оливки, сметана, красный бульон	smoked sausage, chicken, beef, pickles, olives, sour cream, red broth	ышталган колбаса, тоок эти, уй эти, туздалган бадыраң, зайтун, каймак, кызыл сорпо	395.00		t	317	125	копченая колбаса, курица, говядина, соленые огурцы, оливки, сметана, красный бульон	smoked sausage, chicken, beef, pickles, olives, sour cream, red broth	ышталган колбаса, тоок эти, уй эти, туздалган бадыраң, зайтун, каймак, кызыл сорпо	копченая колбаса, курица, говядина, соленые огурцы, оливки, сметана, красный бульон			400г
1148	Солянка мясная	Солянка мясная	Meat Solyanka	Эт Солянка	копченая колбаса, курица, говядина, соленые огурцы, оливки, сметана, красный бульон	копченая колбаса, курица, говядина, соленые огурцы, оливки, сметана, красный бульон	smoked sausage, chicken, beef, pickles, olives, sour cream, red broth	ышталган колбаса, тоок эти, уй эти, туздалган бадыраң, зайтун, каймак, кызыл сорпо	395.00		t	345	125	копченая колбаса, курица, говядина, соленые огурцы, оливки, сметана, красный бульон	smoked sausage, chicken, beef, pickles, olives, sour cream, red broth	ышталган колбаса, тоок эти, уй эти, туздалган бадыраң, зайтун, каймак, кызыл сорпо	копченая колбаса, курица, говядина, соленые огурцы, оливки, сметана, красный бульон			400г
940	Negroni	Negroni	Negroni	Negroni	Джин, кампари, вермут	Джин, кампари, вермут	Gin, Campari, vermouth	Джин, Кампари, вермут	485.00		t	137	126	Джин, кампари, вермут	Gin, Campari, vermouth	Джин, Кампари, вермут	Джин, кампари, вермут			150мл
942	Boz Salkyn	Boz Salkyn	Boz Salkyn	Boz Salkyn	Джин, лимон, ширеси / сок	Джин, лимон, ширеси / сок	Gin, lemon, shiresi/juice	Джин, лимон, ширеси/ширеси	395.00		t	139	126	Джин, лимон, ширеси / сок	Gin, lemon, shiresi/juice	Джин, лимон, ширеси/ширеси	Джин, лимон, ширеси / сок			350мл
950	Urban нефильтрованный	Urban нефильтрованный	Urban unfiltered	Шаардык чыпкаланбаган					235.00		t	147	127	Urban нефильтрованный	Urban unfiltered	Шаардык чыпкаланбаган	Urban нефильтрованный			
964	De Kuyper de Menthe	De Kuyper de Menthe	De Kuyper de Menthe	De Kuyper de Menthe					400.00		t	161	129	De Kuyper de Menthe	De Kuyper de Menthe	De Kuyper de Menthe	De Kuyper de Menthe			50мл
968	Macallan 12 Double Cask	Macallan 12 Double Cask	Macallan 12 Double Cask	Macallan 12 Double Cask					2450.00		t	165	129	Macallan 12 Double Cask	Macallan 12 Double Cask	Macallan 12 Double Cask	Macallan 12 Double Cask			50мл
971	Chivas 12 лет	Chivas 12 лет	Chivas 12 years	Чивас 12 жыл					680.00		t	168	129	Chivas 12 лет	Chivas 12 years	Чивас 12 жыл	Chivas 12 лет			50мл
973	Johnnie Walker Red Label	Johnnie Walker Red Label	Johnnie Walker Red Label	Johnnie Walker Red Label					450.00		t	170	129	Johnnie Walker Red Label	Johnnie Walker Red Label	Johnnie Walker Red Label	Johnnie Walker Red Label			50мл
979	Bombay sapphire	Bombay sapphire	Bombay sapphire	Bombay sapphire					450.00		t	176	129	Bombay sapphire	Bombay sapphire	Bombay sapphire	Bombay sapphire			50мл
985	Absolut классика	Absolut классика	Absolut classic	Абсолюттук классикалык					265.00		t	182	129	Absolut классика	Absolut classic	Абсолюттук классикалык	Absolut классика			50мл
987	Эко водка	Эко водка	Eco vodka	Эко арак					1080.00		t	184	129	Эко водка	Eco vodka	Эко арак	Эко водка			500мл
992	Органик	Органик	Organic	Органикалык					135.00		t	189	129	Органик	Organic	Органикалык	Органик			50мл
997	Котлеты с пюре	Котлеты с пюре	Cutlets with mashed potatoes	Картошка пюре менен котлеттер					455.00		t	194	130	Котлеты с пюре	Cutlets with mashed potatoes	Картошка пюре менен котлеттер	Котлеты с пюре			450г
998	Гречневая лапша	Гречневая лапша	Buckwheat noodles	Гречка кесме	курица, овощи, терияки соус	курица, овощи, терияки соус	chicken, vegetables, teriyaki sauce	тоок эти, жашылчалар, терияки соусу	455.00		t	195	130	курица, овощи, терияки соус	chicken, vegetables, teriyaki sauce	тоок эти, жашылчалар, терияки соусу	курица, овощи, терияки соус			300г
1035	Aperol spritz	Aperol spritz	Aperol spritz	Aperol spritz	Апероль, шампанское, газированная вода	Апероль, шампанское, газированная вода	Aperol, champagne, sparkling water	Аперол, шампан, газдалган суу	655.00		t	232	131	Апероль, шампанское, газированная вода	Aperol, champagne, sparkling water	Аперол, шампан, газдалган суу	Апероль, шампанское, газированная вода			300мл
1037	Campari spritz	Campari spritz	Campari spritz	Campari spritz	Кампари, шампанское, газированная вода	Кампари, шампанское, газированная вода	Campari, champagne, sparkling water	Кампари, шампан, газдалган суу	655.00		t	234	131	Кампари, шампанское, газированная вода	Campari, champagne, sparkling water	Кампари, шампан, газдалган суу	Кампари, шампанское, газированная вода			300мл
1086	Bloody Mary	Bloody Mary	Bloody Mary	Bloody Mary	Арак/водка, томатный сок, табаско	Арак/водка, томатный сок, табаско	Arak/vodka, tomato juice, Tabasco	Арак/арак, томат ширеси, Табаско	385.00		t	283	131	Арак/водка, томатный сок, табаско	Arak/vodka, tomato juice, Tabasco	Арак/арак, томат ширеси, Табаско	Арак/водка, томатный сок, табаско			350мл
1090	Kyzyl-Jurok	Kyzyl-Jurok	Kyzyl-Jurok	Kyzyl-Jurok	Ром, лайм, гренадин	Ром, лайм, гренадин	Rum, lime, grenadine	Ром, лайм, гранадин	395.00		t	287	131	Ром, лайм, гренадин	Rum, lime, grenadine	Ром, лайм, гранадин	Ром, лайм, гренадин			200мл
1171	Long Island	Long Island	Long Island	Long Island	Куантро, ром, текила, арак/водка, джин, кола	Куантро, ром, текила, арак/водка, джин, кола	Cointreau, rum, tequila, arrack/vodka, gin, cola	Cointreau, ром, текила, арак/арак, джин, кола	585.00		t	368	131	Куантро, ром, текила, арак/водка, джин, кола	Cointreau, rum, tequila, arrack/vodka, gin, cola	Cointreau, ром, текила, арак/арак, джин, кола	Куантро, ром, текила, арак/водка, джин, кола			350мл
1174	Jashyi-Too	Jashyi-Too	Jashyi-Too	Jashyi-Too	Арак/водка, ананас, лимон	Арак/водка, ананас, лимон	Arak/vodka, pineapple, lemon	Арак/арак, ананас, лимон	385.00		t	371	131	Арак/водка, ананас, лимон	Arak/vodka, pineapple, lemon	Арак/арак, ананас, лимон	Арак/водка, ананас, лимон			200мл
1039	Хан бешбармак Ак серке	Хан бешбармак Ак серке	Khan beshbarmak Ak serke	Хан бешбармак Ак серке	Мясо конины, казы, домашняя лапша, картофель, зелень	Мясо конины, казы, домашняя лапша, картофель, зелень	Horse meat, kazy, homemade noodles, potatoes, greens	Жылкы эти, казы, колго жасалган кесме, картошка, көк чөптөр	4255.00		t	236	132	Мясо конины, казы, домашняя лапша, картофель, зелень	Horse meat, kazy, homemade noodles, potatoes, greens	Жылкы эти, казы, колго жасалган кесме, картошка, көк чөптөр	Мясо конины, казы, домашняя лапша, картофель, зелень			4-5 порц
1053	Сливочное мороженое с орешками/шоколадом/фруктами	Сливочное мороженое с орешками/шоколадом/фруктами	Creamy ice cream with nuts/chocolate/fruits	Жаңгактар/шоколад/жемиштер менен каймактуу балмуздак					325.00		t	250	134	Сливочное мороженое с орешками/шоколадом/фруктами	Creamy ice cream with nuts/chocolate/fruits	Жаңгактар/шоколад/жемиштер менен каймактуу балмуздак	Сливочное мороженое с орешками/шоколадом/фруктами			
1055	Талкан в шоколаде со сливочным мороженым	Талкан в шоколаде со сливочным мороженым	Talkan in chocolate with creamy ice cream	Балмуздак менен шоколаддагы Талкан	Этно десерт с талканом, медом, сметаной, шоколадом и мороженым	Этно десерт с талканом, медом, сметаной, шоколадом и мороженым	Ethno dessert with talkan, honey, sour cream, chocolate and ice cream	Талкан, бал, каймак, шоколад жана балмуздак кошулган этно десерт	350.00		t	252	134	Этно десерт с талканом, медом, сметаной, шоколадом и мороженым	Ethno dessert with talkan, honey, sour cream, chocolate and ice cream	Талкан, бал, каймак, шоколад жана балмуздак кошулган этно десерт	Этно десерт с талканом, медом, сметаной, шоколадом и мороженым			
1112	Чизкейк фисташка-малина	Чизкейк фисташка-малина	Pistachio-raspberry cheesecake	Писташка-малинадан сыр торт					380.00		t	309	134	Чизкейк фисташка-малина	Pistachio-raspberry cheesecake	Писташка-малинадан сыр торт	Чизкейк фисташка-малина			
1179	Яблочный десерт Рашида	Яблочный десерт Рашида	Rashid's apple dessert	Рашидтин алма десерти					350.00		t	376	134	Яблочный десерт Рашида	Rashid's apple dessert	Рашидтин алма десерти	Яблочный десерт Рашида			
1200	Луковые кольца	Луковые кольца	Onion rings	Пияз шакекчелери	свит чили / барбекю	свит чили / барбекю	sweet chili/barbecue	таттуу чили/барбекю	350.00		t	397	107	свит чили / барбекю	sweet chili/barbecue	таттуу чили/барбекю	свит чили / барбекю			200г
1202	Сет колбасный «Кочмон»	Сет колбасный «Кочмон»	Sausage set “Kochmon”	Колбаса топтому "Көчмон"					1650.00		t	399	107	Сет колбасный «Кочмон»	Sausage set “Kochmon”	Колбаса топтому "Көчмон"	Сет колбасный «Кочмон»			2-3 порц
1190	Нежная телятина	Нежная телятина	Tender veal	Назик торпок	микс салат, овощи, кедровые орешки, бальзамический соус	микс салат, овощи, кедровые орешки, бальзамический соус	mixed salad, vegetables, pine nuts, balsamic sauce	аралаш салат, жашылчалар, карагай жаңгагы, бальзам соусу	585.00		t	387	111	микс салат, овощи, кедровые орешки, бальзамический соус	mixed salad, vegetables, pine nuts, balsamic sauce	аралаш салат, жашылчалар, карагай жаңгагы, бальзам соусу	микс салат, овощи, кедровые орешки, бальзамический соус			280г
1191	Хрустящие баклажаны	Хрустящие баклажаны	Crispy eggplant	Кытырак баклажан	кунжут, томаты, кинза, кисло-сладкий соус	кунжут, томаты, кинза, кисло-сладкий соус	sesame, tomatoes, cilantro, sweet and sour sauce	кунжут, помидор, кинза, таттуу жана кычкыл соус	455.00		t	388	111	кунжут, томаты, кинза, кисло-сладкий соус	sesame, tomatoes, cilantro, sweet and sour sauce	кунжут, помидор, кинза, таттуу жана кычкыл соус	кунжут, томаты, кинза, кисло-сладкий соус			300г
1193	Руккола	Руккола	Arugula	рукола	красная свекла и сузьма	красная свекла и сузьма	red beets and suzma	кызылча жана сузма	425.00		t	390	111	красная свекла и сузьма	red beets and suzma	кызылча жана сузма	красная свекла и сузьма			280г
1204	Кашгар	Кашгар	Kashgar	Кашгар	говядина, шпинат, фирменный соус Кашгар	говядина, шпинат, фирменный соус Кашгар	beef, spinach, Kashgar special sauce	уй эти, шпинат, Кашкар атайын соусу	455.00		t	401	111	говядина, шпинат, фирменный соус Кашгар	beef, spinach, Kashgar special sauce	уй эти, шпинат, Кашкар атайын соусу	говядина, шпинат, фирменный соус Кашгар			280г
1205	Шакарап	Шакарап	Shakarap	Шакарап	томаты, болгарский перец, лук	томаты, болгарский перец, лук	tomatoes, bell peppers, onions	помидор, болгар калемпири, пияз	295.00		t	402	111	томаты, болгарский перец, лук	tomatoes, bell peppers, onions	помидор, болгар калемпири, пияз	томаты, болгарский перец, лук			300г
1206	Свежий салат	Свежий салат	Fresh salad	Жаңы салат	томаты, огурцы, лук	томаты, огурцы, лук	tomatoes, cucumbers, onions	помидор, бадыраң, пияз	295.00		t	403	111	томаты, огурцы, лук	tomatoes, cucumbers, onions	помидор, бадыраң, пияз	томаты, огурцы, лук			300г
1198	Хачапури	Хачапури	Khachapuri	Хачапури					595.00		t	395	119	Хачапури	Khachapuri	Хачапури	Хачапури			
1189	Овощи и грибы	Овощи и грибы	Vegetables and mushrooms	Жашылчалар жана козу карындар					980.00		t	386	124	Овощи и грибы	Vegetables and mushrooms	Жашылчалар жана козу карындар	Овощи и грибы			40см
1194	Тыквенный крем суп	Тыквенный крем суп	Pumpkin cream soup	Ашкабак каймак шорпо	сезон	сезон	season	сезон	325.00		t	391	139	сезон	season	сезон	сезон			350г
1195	Минестроне	Минестроне	Minestrone	Minestrone	с нутом	с нутом	with chickpeas	нокот менен	325.00		t	392	139	с нутом	with chickpeas	нокот менен	с нутом			350г
1196	Брокколи крем суп	Брокколи крем суп	Broccoli cream soup	Брокколи крем шорпо					355.00		t	393	139	Брокколи крем суп	Broccoli cream soup	Брокколи крем шорпо	Брокколи крем суп			350г
1197	Чечевичный крем суп	Чечевичный крем суп	Lentil cream soup	Жасмыктан каймак шорпо					325.00		t	394	139	Чечевичный крем суп	Lentil cream soup	Жасмыктан каймак шорпо	Чечевичный крем суп			350г
1209	Кыргыз бургер	Кыргыз бургер	Kyrgyz burger	Кыргыз бургери	томленая конина, томаты, соленые огурцы, айсберг, лук, фри, фирменный соус	томленая конина, томаты, соленые огурцы, айсберг, лук, фри, фирменный соус	stewed horse meat, tomatoes, pickles, iceberg, onion, fries, special sauce	бышырылган жылкы эти, помидор, туздалган бадыраң, айсберг, пияз, фри, атайын соус	465.00		t	406	140	томленая конина, томаты, соленые огурцы, айсберг, лук, фри, фирменный соус	stewed horse meat, tomatoes, pickles, iceberg, onion, fries, special sauce	бышырылган жылкы эти, помидор, туздалган бадыраң, айсберг, пияз, фри, атайын соус	томленая конина, томаты, соленые огурцы, айсберг, лук, фри, фирменный соус			1 шт
1063	Andes	Andes	Andes	Andes	Чили, вина красный и белый сухой	Чили, вина красный и белый сухой	Chili, wine red and white dry	Чили, шарап кызыл жана ак кургак	2500.00		t	260	135	Чили, вина красный и белый сухой	Chili, wine red and white dry	Чили, шарап кызыл жана ак кургак	Чили, вина красный и белый сухой			750мл
1066	San Valentin	San Valentin	San Valentin	San Valentin	Испания, белое полусухое и красное сухое	Испания, белое полусухое и красное сухое	Spain, white semi-dry and red dry	Испания, ак жарым кургак жана кызыл кургак	600.00		t	263	135	Испания, белое полусухое и красное сухое	Spain, white semi-dry and red dry	Испания, ак жарым кургак жана кызыл кургак	Испания, белое полусухое и красное сухое			150мл
1068	Frechinet Pinot Grigio	Frechinet Pinot Grigio	Frechinet Pinot Grigio	Frechinet Pinot Grigio	Италия, белое сухое, красное сухое и розовое	Италия, белое сухое, красное сухое и розовое	Italy, dry white, dry red and rose	Италия, кургак ак, кургак кызыл жана роза	700.00		t	265	135	Италия, белое сухое, красное сухое и розовое	Italy, dry white, dry red and rose	Италия, кургак ак, кургак кызыл жана роза	Италия, белое сухое, красное сухое и розовое			150мл
1098	Бугу-эне	Бугу-эне	Bugu-ene	Бугу-эне	Иссык-кульские травы, сухофрукты, яблоко	Иссык-кульские травы, сухофрукты, яблоко	Issyk-Kul herbs, dried fruits, apple	Ысык-Көлдүн чөптөрү, кургатылган жемиштери, алмасы	450.00		t	295	136	Иссык-кульские травы, сухофрукты, яблоко	Issyk-Kul herbs, dried fruits, apple	Ысык-Көлдүн чөптөрү, кургатылган жемиштери, алмасы	Иссык-кульские травы, сухофрукты, яблоко			
1115	Чай с ягодами малины с нотками гибискуса	Чай с ягодами малины с нотками гибискуса	Raspberry tea with notes of hibiscus	Гибискус ноталары менен малина чай					450.00		t	312	136	Чай с ягодами малины с нотками гибискуса	Raspberry tea with notes of hibiscus	Гибискус ноталары менен малина чай	Чай с ягодами малины с нотками гибискуса			
1124	Шу-пуэр	Шу-пуэр	Shu-puer	Шу-пуэр	густой и бархатистый черный чай с листьев дикорастущих чайных деревьев	густой и бархатистый черный чай с листьев дикорастущих чайных деревьев	thick and velvety black tea from the leaves of wild tea trees	жапайы чай дарактарынын жалбырактарынан коюу жана баркыттай кара чай	350.00		t	321	136	густой и бархатистый черный чай с листьев дикорастущих чайных деревьев	thick and velvety black tea from the leaves of wild tea trees	жапайы чай дарактарынын жалбырактарынан коюу жана баркыттай кара чай	густой и бархатистый черный чай с листьев дикорастущих чайных деревьев			
1125	Женьшеневый улун	Женьшеневый улун	Ginseng Oolong	Ginseng Oolong	яркий, пряный вкус с фруктовыми оттенками и доминирующими нотами женьшеня и солодки	яркий, пряный вкус с фруктовыми оттенками и доминирующими нотами женьшеня и солодки	bright, spicy taste with fruity hints and dominant notes of ginseng and licorice	ачык, ачуу даамы жемиштүү кыйытмалар жана женьшень менен миянын басымдуу ноталары	350.00		t	322	136	яркий, пряный вкус с фруктовыми оттенками и доминирующими нотами женьшеня и солодки	bright, spicy taste with fruity hints and dominant notes of ginseng and licorice	ачык, ачуу даамы жемиштүү кыйытмалар жана женьшень менен миянын басымдуу ноталары	яркий, пряный вкус с фруктовыми оттенками и доминирующими нотами женьшеня и солодки			
1127	Сила стихий	Сила стихий	Elemental Power	Элементтик күч	чай на основе сбора лесных ягод, горных трав и элитного китайского чая «Чан-Шу»	чай на основе сбора лесных ягод, горных трав и элитного китайского чая «Чан-Шу»	tea based on the collection of forest berries, mountain herbs and elite Chinese tea “Chan Shu”	токой мөмө-жемиштеринин, тоо чөптөрүнүн жана элиталык кытай чайынын негизинде "Чан Шу"	350.00		t	324	136	чай на основе сбора лесных ягод, горных трав и элитного китайского чая «Чан-Шу»	tea based on the collection of forest berries, mountain herbs and elite Chinese tea “Chan Shu”	токой мөмө-жемиштеринин, тоо чөптөрүнүн жана элиталык кытай чайынын негизинде "Чан Шу"	чай на основе сбора лесных ягод, горных трав и элитного китайского чая «Чан-Шу»			
1144	Назик	Назик	Nazik	Назик	с лепестками роз и гранатовым сиропом	с лепестками роз и гранатовым сиропом	with rose petals and pomegranate syrup	роза желекчелери жана анар сиропу менен	350.00		t	341	136	с лепестками роз и гранатовым сиропом	with rose petals and pomegranate syrup	роза желекчелери жана анар сиропу менен	с лепестками роз и гранатовым сиропом			
1154	Пуэр	Пуэр	Pu'er	Pu'er	густой и бархатистый черный чай с листьев дикорастущих чайных деревьев с ореховым вкусом	густой и бархатистый черный чай с листьев дикорастущих чайных деревьев с ореховым вкусом	thick and velvety black tea from the leaves of wild tea trees with a nutty taste	жаңгак даамы менен жапайы чай дарактарынын жалбырактарынан коюу жана баркыттай кара чай	350.00		t	351	136	густой и бархатистый черный чай с листьев дикорастущих чайных деревьев с ореховым вкусом	thick and velvety black tea from the leaves of wild tea trees with a nutty taste	жаңгак даамы менен жапайы чай дарактарынын жалбырактарынан коюу жана баркыттай кара чай	густой и бархатистый черный чай с листьев дикорастущих чайных деревьев с ореховым вкусом			
1155	Сила стихий	Сила стихий	Elemental Power	Элементтик күч	чай на основе сбора лесных ягод, горных трав и элитного китайского чая «Чан-Шу»	чай на основе сбора лесных ягод, горных трав и элитного китайского чая «Чан-Шу»	tea based on the collection of forest berries, mountain herbs and elite Chinese tea “Chan Shu”	токой мөмө-жемиштеринин, тоо чөптөрүнүн жана элиталык кытай чайынын негизинде "Чан Шу"	350.00		t	352	136	чай на основе сбора лесных ягод, горных трав и элитного китайского чая «Чан-Шу»	tea based on the collection of forest berries, mountain herbs and elite Chinese tea “Chan Shu”	токой мөмө-жемиштеринин, тоо чөптөрүнүн жана элиталык кытай чайынын негизинде "Чан Шу"	чай на основе сбора лесных ягод, горных трав и элитного китайского чая «Чан-Шу»			
1105	Баш гриль с картофелем кантри и пикантным соусом	Баш гриль с картофелем кантри и пикантным соусом	Grilled bash with country potatoes and spicy sauce	Өлкөнүн картошкасы жана ачуу соус менен бышырылган баш					1650.00		t	302	137	Баш гриль с картофелем кантри и пикантным соусом	Grilled bash with country potatoes and spicy sauce	Өлкөнүн картошкасы жана ачуу соус менен бышырылган баш	Баш гриль с картофелем кантри и пикантным соусом			2 порц
1118	Ассорти «Жети-Огуз»	Ассорти «Жети-Огуз»	Assorted “Zheti-Oguz”	«Жети-Өгүз» ассорти	форель, бар-пила, баранина, семечки, двойной кебаб, окорочка, крылышки, овощи и картофель гриль	форель, бар-пила, баранина, семечки, двойной кебаб, окорочка, крылышки, овощи и картофель гриль	trout, bar-saw, lamb, sunflower seeds, double kebab, chicken legs, wings, vegetables and grilled potatoes	форель, бар араа, козу, күн карама уруктары, кош кебаб, тооктун буттары, канаттар, жашылча жана гриль картошка	6980.00		t	315	138	форель, бар-пила, баранина, семечки, двойной кебаб, окорочка, крылышки, овощи и картофель гриль	trout, bar-saw, lamb, sunflower seeds, double kebab, chicken legs, wings, vegetables and grilled potatoes	форель, бар араа, козу, күн карама уруктары, кош кебаб, тооктун буттары, канаттар, жашылча жана гриль картошка	форель, бар-пила, баранина, семечки, двойной кебаб, окорочка, крылышки, овощи и картофель гриль			5-6 порц
1146	Ассорти «Жети-Огуз»	Ассорти «Жети-Огуз»	Assorted “Zheti-Oguz”	«Жети-Өгүз» ассорти	форель, бар-пила, баранина, семечки и ребра, двойной кебаб, окорочка, крылышки, овощи и картофель гриль	форель, бар-пила, баранина, семечки и ребра, двойной кебаб, окорочка, крылышки, овощи и картофель гриль	trout, bar-saw, lamb, sunflower seeds and ribs, double kebab, chicken legs, wings, vegetables and grilled potatoes	форель, бар араа, козу, күн карама уруктары жана кабыргалары, кош кебаб, тооктун буттары, канаттар, жашылча жана гриль картошка	6980.00		t	343	138	форель, бар-пила, баранина, семечки и ребра, двойной кебаб, окорочка, крылышки, овощи и картофель гриль	trout, bar-saw, lamb, sunflower seeds and ribs, double kebab, chicken legs, wings, vegetables and grilled potatoes	форель, бар араа, козу, күн карама уруктары жана кабыргалары, кош кебаб, тооктун буттары, канаттар, жашылча жана гриль картошка	форель, бар-пила, баранина, семечки и ребра, двойной кебаб, окорочка, крылышки, овощи и картофель гриль			5-6 порц
1152	Шу-пуэр	Шу-пуэр	Shu-puer	Шу-пуэр	густой и бархатистый черный чай с листьев дикорастущих чайных деревьев	густой и бархатистый черный чай с листьев дикорастущих чайных деревьев	thick and velvety black tea from the leaves of wild tea trees	жапайы чай дарактарынын жалбырактарынан коюу жана баркыттай кара чай	350.00		t	349	136	густой и бархатистый черный чай с листьев дикорастущих чайных деревьев	thick and velvety black tea from the leaves of wild tea trees	жапайы чай дарактарынын жалбырактарынан коюу жана баркыттай кара чай	густой и бархатистый черный чай с листьев дикорастущих чайных деревьев			
1153	Женьшеневый улун	Женьшеневый улун	Ginseng Oolong	Ginseng Oolong	яркий, пряный вкус с фруктовыми оттенками и доминирующими нотами женьшеня и солодки	яркий, пряный вкус с фруктовыми оттенками и доминирующими нотами женьшеня и солодки	bright, spicy taste with fruity hints and dominant notes of ginseng and licorice	ачык, ачуу даамы жемиштүү кыйытмалар жана женьшень менен миянын басымдуу ноталары	350.00		t	350	136	яркий, пряный вкус с фруктовыми оттенками и доминирующими нотами женьшеня и солодки	bright, spicy taste with fruity hints and dominant notes of ginseng and licorice	ачык, ачуу даамы жемиштүү кыйытмалар жана женьшень менен миянын басымдуу ноталары	яркий, пряный вкус с фруктовыми оттенками и доминирующими нотами женьшеня и солодки			
1168	Фруктовая нарезка	Фруктовая нарезка	Fruit slices	жемиш кесимдери	яблоко, банан, киви, ананас, апельсин, гранат	яблоко, банан, киви, ананас, апельсин, гранат	apple, banana, kiwi, pineapple, orange, pomegranate	алма, банан, киви, ананас, апельсин, анар	680.00		t	365	107	яблоко, банан, киви, ананас, апельсин, гранат	apple, banana, kiwi, pineapple, orange, pomegranate	алма, банан, киви, ананас, апельсин, анар	яблоко, банан, киви, ананас, апельсин, гранат			2-3 порц
1157	Куриная	Куриная	Chicken	тоок					580.00		t	354	124	Куриная	Chicken	тоок	Куриная			30см
1158	Куриная	Куриная	Chicken	тоок					880.00		t	355	124	Куриная	Chicken	тоок	Куриная			40см
1159	Цезарь с курицей	Цезарь с курицей	Caesar with chicken	Цезарь тоок менен					780.00		t	356	124	Цезарь с курицей	Caesar with chicken	Цезарь тоок менен	Цезарь с курицей			30см
1160	Цезарь с курицей	Цезарь с курицей	Caesar with chicken	Цезарь тоок менен					980.00		t	357	124	Цезарь с курицей	Caesar with chicken	Цезарь тоок менен	Цезарь с курицей			40см
1161	Песто	Песто	Pesto	Песто					780.00		t	358	124	Песто	Pesto	Песто	Песто			30см
1162	Песто	Песто	Pesto	Песто					980.00		t	359	124	Песто	Pesto	Песто	Песто			40см
1163	Барбекю	Барбекю	B-B-Q	B-B-Q					580.00		t	360	124	Барбекю	B-B-Q	B-B-Q	Барбекю			30см
1164	Барбекю	Барбекю	B-B-Q	B-B-Q					880.00		t	361	124	Барбекю	B-B-Q	B-B-Q	Барбекю			40см
1180	Арива с курицей	Арива с курицей	Ariva with chicken	Арива тоок менен					580.00		t	377	124	Арива с курицей	Ariva with chicken	Арива тоок менен	Арива с курицей			30см
1170	Margarita	Margarita	Margarita	Margarita	Текила, куантро, лимонный сок	Текила, куантро, лимонный сок	Tequila, Cointreau, lemon juice	Текила, Коинтрео, лимон ширеси	585.00		t	367	131	Текила, куантро, лимонный сок	Tequila, Cointreau, lemon juice	Текила, Коинтрео, лимон ширеси	Текила, куантро, лимонный сок			150мл
1172	Tequila Sunrise	Tequila Sunrise	Tequila Sunrise	Tequila Sunrise	Текила, апельсин, сироп гренадин	Текила, апельсин, сироп гренадин	Tequila, orange, grenadine syrup	Текила, апельсин, гранадин сиропу	695.00		t	369	131	Текила, апельсин, сироп гренадин	Tequila, orange, grenadine syrup	Текила, апельсин, гранадин сиропу	Текила, апельсин, сироп гренадин			350мл
1173	Cosmopolitan	Cosmopolitan	Cosmopolitan	Cosmopolitan	Арак/водка, куантро, клюква, лимон	Арак/водка, куантро, клюква, лимон	Arak/vodka, cointreau, cranberry, lemon	Арак/арак, коинтри, клюква, лимон	385.00		t	370	131	Арак/водка, куантро, клюква, лимон	Arak/vodka, cointreau, cranberry, lemon	Арак/арак, коинтри, клюква, лимон	Арак/водка, куантро, клюква, лимон			150мл
1175	Cuba Libre	Cuba Libre	Cuba Libre	Cuba Libre	Ром, кола, лимон	Ром, кола, лимон	Rum, cola, lemon	Ром, кола, лимон	385.00		t	372	131	Ром, кола, лимон	Rum, cola, lemon	Ром, кола, лимон	Ром, кола, лимон			150мл
1176	Чизкейк три шоколада	Чизкейк три шоколада	Three chocolate cheesecake	Үч шоколад сыркейк					400.00		t	373	134	Чизкейк три шоколада	Three chocolate cheesecake	Үч шоколад сыркейк	Чизкейк три шоколада			
1177	Сансебастьян	Сансебастьян	Sansebastian	Sansebastian					350.00		t	374	134	Сансебастьян	Sansebastian	Sansebastian	Сансебастьян			
1178	Карагат / Смородина	Карагат / Смородина	Karagat / Currant	Карагат / Карагат					350.00		t	375	134	Карагат / Смородина	Karagat / Currant	Карагат / Карагат	Карагат / Смородина			
1156	Сетун с йегермейстером	Сетун с йегермейстером	Setun with Jägermeister	Джегермейстер менен Сетун	согревающий ароматный черный чай со вкусом корицы и остринкой	согревающий ароматный черный чай со вкусом корицы и остринкой	warming aromatic black tea with cinnamon flavor and spice	корица даамы жана жыпар жыттуу жыпар жыттуу кара чай	650.00		t	353	136	согревающий ароматный черный чай со вкусом корицы и остринкой	warming aromatic black tea with cinnamon flavor and spice	корица даамы жана жыпар жыттуу жыпар жыттуу кара чай	согревающий ароматный черный чай со вкусом корицы и остринкой			
1210	Бургер	Бургер	Burger	Бургер	котлета, томаты, соленые огурцы, салат айсберг, лук, фри, кетчунез, острый соус	котлета, томаты, соленые огурцы, салат айсберг, лук, фри, кетчунез, острый соус	cutlet, tomatoes, pickles, iceberg lettuce, onion, fries, ketchunese, hot sauce	котлет, помидор, туздалган бадыраң, айсберг салат жалбырагы, пияз, фри, кетчунез, ысык соус	415.00		t	407	140	котлета, томаты, соленые огурцы, салат айсберг, лук, фри, кетчунез, острый соус	cutlet, tomatoes, pickles, iceberg lettuce, onion, fries, ketchunese, hot sauce	котлет, помидор, туздалган бадыраң, айсберг салат жалбырагы, пияз, фри, кетчунез, ысык соус	котлета, томаты, соленые огурцы, салат айсберг, лук, фри, кетчунез, острый соус			1 шт
1211	Чизбургер	Чизбургер	Cheeseburger	Чизбургер	котлета с говядиной, томаты, соленые огурцы, айсберг, лук, сыр чеддер, фри, кетчунез, острый соус	котлета с говядиной, томаты, соленые огурцы, айсберг, лук, сыр чеддер, фри, кетчунез, острый соус	beef cutlet, tomatoes, pickles, iceberg, onion, cheddar cheese, fries, ketchunese, hot sauce	уй котлети, помидор, туздалган бадыраң, айсберг, пияз, чеддар сыры, фри, кетчунез, ысык соус	415.00		t	408	140	котлета с говядиной, томаты, соленые огурцы, айсберг, лук, сыр чеддер, фри, кетчунез, острый соус	beef cutlet, tomatoes, pickles, iceberg, onion, cheddar cheese, fries, ketchunese, hot sauce	уй котлети, помидор, туздалган бадыраң, айсберг, пияз, чеддар сыры, фри, кетчунез, ысык соус	котлета с говядиной, томаты, соленые огурцы, айсберг, лук, сыр чеддер, фри, кетчунез, острый соус			1 шт
\.


--
-- Data for Name: core_dish_tags; Type: TABLE DATA; Schema: public; Owner: -
--

COPY public.core_dish_tags (id, dish_id, tag_id) FROM stdin;
\.


--
-- Data for Name: core_tag; Type: TABLE DATA; Schema: public; Owner: -
--

COPY public.core_tag (id, title, title_en, title_ky, "order", color_bg, color_text, show_on_card, title_ru, color_bg_hex, opacity) FROM stdin;
3	С чесноком	\N	\N	2	rgba(43,30,23,0.15)	#2B1E17	f	С чесноком	#2B1E17	1
4	Без лука	\N	\N	3	rgba(43,30,23,0.15)	#2B1E17	f	Без лука	#2B1E17	1
5	Постное	\N	\N	4	rgba(43,30,23,0.15)	#2B1E17	f	Постное	#2B1E17	1
6	Сытное	\N	\N	5	rgba(43,30,23,0.15)	#2B1E17	f	Сытное	#2B1E17	1
7	Суп	\N	\N	6	rgba(43,30,23,0.15)	#2B1E17	f	Суп	#2B1E17	1
8	Гриль	\N	\N	7	rgba(192,57,43,0.15)	#2B1E17	f	Гриль	#C0392B	1
9	Хит продаж	\N	\N	8	rgba(184,134,11,0.15)	#2B1E17	f	Хит продаж	#B8860B	1
10	Большая порция	\N	\N	9	rgba(43,30,23,0.15)	#2B1E17	f	Большая порция	#2B1E17	1
11	Маленькая порция	\N	\N	10	rgba(43,30,23,0.15)	#2B1E17	f	Маленькая порция	#2B1E17	1
12	Охлаждённое	\N	\N	11	rgba(43,30,23,0.15)	#2B1E17	f	Охлаждённое	#2B1E17	1
13	Горячее	\N	\N	12	rgba(192,57,43,0.15)	#2B1E17	f	Горячее	#C0392B	1
14	Сладкое	\N	\N	13	rgba(184,134,11,0.15)	#2B1E17	f	Сладкое	#B8860B	1
15	Диетическое	\N	\N	14	rgba(43,30,23,0.15)	#2B1E17	f	Диетическое	#2B1E17	1
16	Остро‑сладкое	\N	\N	15	rgba(192,57,43,0.15)	#2B1E17	f	Остро‑сладкое	#C0392B	1
17	Сезонное	\N	\N	16	rgba(184,134,11,0.15)	#2B1E17	f	Сезонное	#B8860B	1
1	Острое	Острое	Острое	0	rgba(192,57,43,0.15)	#2b1e17	t	Острое	#c0392b	1
2	NEW	NEW	ЖАНЫСУКА	1	rgba(135,40,23,0.9)	#FFFFFF	t	НОВИНКА	#872817	0.9
\.


--
-- Data for Name: django_admin_log; Type: TABLE DATA; Schema: public; Owner: -
--

COPY public.django_admin_log (id, action_time, object_id, object_repr, action_flag, change_message, content_type_id, user_id) FROM stdin;
1	2026-06-01 21:45:57.827982+00	9	фывфывфыв	2	[{"changed": {"fields": ["\\u041d\\u0430\\u0437\\u0432\\u0430\\u043d\\u0438\\u0435 \\u0431\\u043b\\u044e\\u0434\\u0430 [ru]", "\\u041d\\u0430\\u0437\\u0432\\u0430\\u043d\\u0438\\u0435 \\u0431\\u043b\\u044e\\u0434\\u0430 [en]"]}}]	10	1
2	2026-06-01 21:51:34.540896+00	1	Classic Central Asian Plov	2	[]	10	1
3	2026-06-01 21:51:49.85357+00	9	фывфывфыв	2	[{"changed": {"fields": ["\\u041f\\u043e\\u043b\\u043d\\u043e\\u0435 \\u043e\\u043f\\u0438\\u0441\\u0430\\u043d\\u0438\\u0435 [en]"]}}]	10	1
4	2026-06-01 21:52:28.973851+00	9	Baursak	2	[{"changed": {"fields": ["\\u041d\\u0430\\u0437\\u0432\\u0430\\u043d\\u0438\\u0435 \\u0431\\u043b\\u044e\\u0434\\u0430 [ru]", "\\u041d\\u0430\\u0437\\u0432\\u0430\\u043d\\u0438\\u0435 \\u0431\\u043b\\u044e\\u0434\\u0430 [en]"]}}]	10	1
5	2026-06-01 21:57:49.686539+00	9	Baursak	2	[{"changed": {"fields": ["\\u041a\\u0440\\u0430\\u0442\\u043a\\u043e\\u0435 \\u043e\\u043f\\u0438\\u0441\\u0430\\u043d\\u0438\\u0435 [ru]"]}}]	10	1
6	2026-06-01 22:54:19.728394+00	10	Baursak (Fried Dough)	3		10	1
7	2026-06-01 22:54:19.728471+00	9	Baursak	3		10	1
8	2026-06-01 22:54:19.728515+00	8	Kuurdak (Fried Meat and Onions)	3		10	1
9	2026-06-01 22:54:19.72854+00	7	Traditional Beshbarmak	3		10	1
10	2026-06-01 22:54:19.728564+00	6	Rich Shurpa Soup	3		10	1
11	2026-06-01 22:54:19.728587+00	5	Lamb Shashlik	3		10	1
12	2026-06-01 22:54:19.728608+00	4	Baked Samsa	3		10	1
13	2026-06-01 22:54:19.728641+00	3	Steamed Manti	3		10	1
14	2026-06-01 22:54:19.728679+00	2	Hand‑pulled Lagman	3		10	1
15	2026-06-01 22:54:19.728698+00	1	Classic Central Asian Plov	3		10	1
16	2026-06-01 23:13:25.711698+00	19	Baursak (Fried Dough)	3		10	1
17	2026-06-01 23:13:25.711802+00	18	Kuurdak (Fried Meat and Onions)	3		10	1
18	2026-06-01 23:13:25.711854+00	17	Traditional Beshbarmak	3		10	1
19	2026-06-01 23:13:25.711898+00	16	Rich Shurpa Soup	3		10	1
20	2026-06-01 23:13:25.711939+00	15	Lamb Shashlik	3		10	1
21	2026-06-01 23:13:25.711976+00	14	Baked Samsa	3		10	1
22	2026-06-01 23:13:25.712011+00	13	Steamed Manti	3		10	1
23	2026-06-01 23:13:25.712046+00	12	Hand‑pulled Lagman	3		10	1
24	2026-06-01 23:13:25.712081+00	11	Classic Central Asian Plov	3		10	1
25	2026-06-01 23:28:24.008182+00	30	Шорпо	3		10	1
26	2026-06-01 23:28:24.008247+00	31	Мастава	3		10	1
27	2026-06-01 23:28:24.008285+00	32	Плов	3		10	1
28	2026-06-01 23:28:24.008315+00	33	Куурдак	3		10	1
29	2026-06-01 23:28:24.008342+00	38	Манты	3		10	1
30	2026-06-01 23:28:24.008368+00	34	Шашлык	3		10	1
31	2026-06-01 23:28:24.008404+00	39	Кебаб	3		10	1
32	2026-06-01 23:28:24.008429+00	35	Лагман	3		10	1
33	2026-06-01 23:28:24.008453+00	36	Ганфан	3		10	1
34	2026-06-01 23:28:24.008478+00	37	Долма	3		10	1
35	2026-06-01 23:28:30.970163+00	24	Супы	3		7	1
36	2026-06-01 23:28:30.970247+00	25	Горячие блюда	3		7	1
37	2026-06-01 23:28:30.970302+00	26	Гриль	3		7	1
38	2026-06-01 23:28:30.970361+00	27	Лапша	3		7	1
39	2026-06-01 23:28:30.970409+00	28	Рисовые блюда	3		7	1
40	2026-06-02 10:57:56.79421+00	29	Супы	2	[{"changed": {"fields": ["\\u0418\\u043a\\u043e\\u043d\\u043a\\u0430 (SVG)"]}}]	7	1
41	2026-06-02 11:13:22.184527+00	34	Черти	1	[{"added": {}}]	7	1
42	2026-06-02 12:55:35.245257+00	40	Шорпо	2	[{"changed": {"fields": ["\\u0413\\u043b\\u0430\\u0432\\u043d\\u043e\\u0435 \\u0444\\u043e\\u0442\\u043e"]}}]	10	1
43	2026-06-02 12:56:02.310192+00	40	Шорпо	2	[{"changed": {"fields": ["\\u0424\\u043e\\u0442\\u043e 2 (\\u043d\\u0435\\u043e\\u0431\\u044f\\u0437\\u0430\\u0442\\u0435\\u043b\\u044c\\u043d\\u043e)", "\\u0424\\u043e\\u0442\\u043e 3 (\\u043d\\u0435\\u043e\\u0431\\u044f\\u0437\\u0430\\u0442\\u0435\\u043b\\u044c\\u043d\\u043e)"]}}]	10	1
44	2026-06-02 13:18:08.791086+00	41	Мастава	2	[{"changed": {"fields": ["\\u0413\\u043b\\u0430\\u0432\\u043d\\u043e\\u0435 \\u0444\\u043e\\u0442\\u043e"]}}]	10	1
45	2026-06-02 13:34:18.978769+00	40	232131asdada	2	[{"changed": {"fields": ["\\u041d\\u0430\\u0437\\u0432\\u0430\\u043d\\u0438\\u0435 \\u0431\\u043b\\u044e\\u0434\\u0430 [en]", "\\u041a\\u0440\\u0430\\u0442\\u043a\\u043e\\u0435 \\u043e\\u043f\\u0438\\u0441\\u0430\\u043d\\u0438\\u0435 [en]", "\\u041f\\u043e\\u043b\\u043d\\u043e\\u0435 \\u043e\\u043f\\u0438\\u0441\\u0430\\u043d\\u0438\\u0435 [en]"]}}]	10	1
46	2026-06-02 16:06:54.939327+00	1	Острое	2	[{"changed": {"fields": ["\\u041f\\u043e\\u043a\\u0430\\u0437\\u044b\\u0432\\u0430\\u0442\\u044c \\u043d\\u0430 \\u043a\\u0430\\u0440\\u0442\\u043e\\u0447\\u043a\\u0435 \\u0431\\u043b\\u044e\\u0434\\u0430"]}}]	11	1
47	2026-06-02 16:06:54.942124+00	2	Новинка	2	[{"changed": {"fields": ["\\u041f\\u043e\\u043a\\u0430\\u0437\\u044b\\u0432\\u0430\\u0442\\u044c \\u043d\\u0430 \\u043a\\u0430\\u0440\\u0442\\u043e\\u0447\\u043a\\u0435 \\u0431\\u043b\\u044e\\u0434\\u0430"]}}]	11	1
48	2026-06-02 16:21:03.281425+00	40	232131asdada	2	[{"changed": {"fields": ["\\u0422\\u0435\\u0433\\u0438"]}}]	10	1
49	2026-06-02 16:21:28.775845+00	40	232131asdada	2	[]	10	1
50	2026-06-02 16:24:38.791243+00	1	Острое	2	[{"changed": {"fields": ["\\u041d\\u0430\\u0437\\u0432\\u0430\\u043d\\u0438\\u0435 [en]", "\\u041d\\u0430\\u0437\\u0432\\u0430\\u043d\\u0438\\u0435 [ky]", "\\u0426\\u0432\\u0435\\u0442 \\u0442\\u0435\\u043a\\u0441\\u0442\\u0430 (HEX)", "\\u0426\\u0432\\u0435\\u0442 \\u0444\\u043e\\u043d\\u0430 (HEX)"]}}]	11	1
51	2026-06-02 16:24:43.276733+00	2	Новинка	2	[{"changed": {"fields": ["\\u041d\\u0430\\u0437\\u0432\\u0430\\u043d\\u0438\\u0435 [en]", "\\u041d\\u0430\\u0437\\u0432\\u0430\\u043d\\u0438\\u0435 [ky]", "\\u0426\\u0432\\u0435\\u0442 \\u0442\\u0435\\u043a\\u0441\\u0442\\u0430 (HEX)", "\\u0426\\u0432\\u0435\\u0442 \\u0444\\u043e\\u043d\\u0430 (HEX)"]}}]	11	1
52	2026-06-02 16:31:36.658951+00	40	232131asdada	2	[]	10	1
53	2026-06-02 16:53:39.831975+00	2	Новинка	2	[{"changed": {"fields": ["\\u0426\\u0432\\u0435\\u0442 \\u0442\\u0435\\u043a\\u0441\\u0442\\u0430 (HEX)", "\\u0426\\u0432\\u0435\\u0442 \\u0444\\u043e\\u043d\\u0430 (HEX)"]}}]	11	1
54	2026-06-02 16:56:25.624668+00	2	Новинка	2	[{"changed": {"fields": ["\\u0426\\u0432\\u0435\\u0442 \\u0444\\u043e\\u043d\\u0430 (HEX)", "\\u0426\\u0432\\u0435\\u0442 \\u0444\\u043e\\u043d\\u0430 (RGBA)"]}}]	11	1
55	2026-06-02 16:59:40.655247+00	2	Новинка	2	[{"changed": {"fields": ["\\u0426\\u0432\\u0435\\u0442 \\u0444\\u043e\\u043d\\u0430 (RGBA)"]}}]	11	1
56	2026-06-02 17:18:45.031826+00	2	Новинка	2	[{"changed": {"fields": ["\\u041d\\u0430\\u0437\\u0432\\u0430\\u043d\\u0438\\u0435 [ru]"]}}]	11	1
57	2026-06-02 17:18:59.207061+00	2	NEW	2	[{"changed": {"fields": ["\\u041d\\u0430\\u0437\\u0432\\u0430\\u043d\\u0438\\u0435 [en]", "\\u041d\\u0430\\u0437\\u0432\\u0430\\u043d\\u0438\\u0435 [ky]"]}}]	11	1
58	2026-06-02 17:19:30.336212+00	2	NEW	2	[{"changed": {"fields": ["\\u0426\\u0432\\u0435\\u0442 \\u0444\\u043e\\u043d\\u0430 (HEX)"]}}]	11	1
59	2026-06-02 17:19:50.27538+00	2	NEW	2	[{"changed": {"fields": ["\\u0426\\u0432\\u0435\\u0442 \\u0444\\u043e\\u043d\\u0430 (HEX)"]}}]	11	1
60	2026-06-02 17:40:33.78604+00	2	NEW	2	[{"changed": {"fields": ["\\u0426\\u0432\\u0435\\u0442 \\u0442\\u0435\\u043a\\u0441\\u0442\\u0430 (HEX)"]}}]	11	1
61	2026-06-02 17:40:59.992821+00	2	NEW	2	[{"changed": {"fields": ["\\u0426\\u0432\\u0435\\u0442 \\u0442\\u0435\\u043a\\u0441\\u0442\\u0430 (HEX)", "\\u041f\\u0440\\u043e\\u0437\\u0440\\u0430\\u0447\\u043d\\u043e\\u0441\\u0442\\u044c \\u0444\\u043e\\u043d\\u0430 (0\\u20131)"]}}]	11	1
62	2026-06-02 17:41:35.860042+00	2	NEW	2	[{"changed": {"fields": ["\\u0426\\u0432\\u0435\\u0442 \\u0442\\u0435\\u043a\\u0441\\u0442\\u0430 (HEX)", "\\u041f\\u0440\\u043e\\u0437\\u0440\\u0430\\u0447\\u043d\\u043e\\u0441\\u0442\\u044c \\u0444\\u043e\\u043d\\u0430 (0\\u20131)"]}}]	11	1
63	2026-06-02 18:20:48.994686+00	42	Плов	2	[{"changed": {"fields": ["\\u0413\\u043b\\u0430\\u0432\\u043d\\u043e\\u0435 \\u0444\\u043e\\u0442\\u043e"]}}]	10	1
\.


--
-- Data for Name: django_content_type; Type: TABLE DATA; Schema: public; Owner: -
--

COPY public.django_content_type (id, app_label, model) FROM stdin;
1	admin	logentry
2	auth	group
3	auth	permission
4	auth	user
5	contenttypes	contenttype
6	sessions	session
7	core	category
8	core	combo
9	core	combocategory
10	core	dish
11	core	tag
12	orders	order
13	orders	orderitem
\.


--
-- Data for Name: django_migrations; Type: TABLE DATA; Schema: public; Owner: -
--

COPY public.django_migrations (id, app, name, applied) FROM stdin;
1	contenttypes	0001_initial	2026-06-01 21:38:30.170077+00
2	auth	0001_initial	2026-06-01 21:38:30.218824+00
3	admin	0001_initial	2026-06-01 21:38:30.242016+00
4	admin	0002_logentry_remove_auto_add	2026-06-01 21:38:30.253074+00
5	admin	0003_logentry_add_action_flag_choices	2026-06-01 21:38:30.263026+00
6	contenttypes	0002_remove_content_type_name	2026-06-01 21:38:30.286787+00
7	auth	0002_alter_permission_name_max_length	2026-06-01 21:38:30.297439+00
8	auth	0003_alter_user_email_max_length	2026-06-01 21:38:30.30856+00
9	auth	0004_alter_user_username_opts	2026-06-01 21:38:30.318868+00
10	auth	0005_alter_user_last_login_null	2026-06-01 21:38:30.331914+00
11	auth	0006_require_contenttypes_0002	2026-06-01 21:38:30.334722+00
12	auth	0007_alter_validators_add_error_messages	2026-06-01 21:38:30.346776+00
13	auth	0008_alter_user_username_max_length	2026-06-01 21:38:30.360341+00
14	auth	0009_alter_user_last_name_max_length	2026-06-01 21:38:30.370346+00
15	auth	0010_alter_group_name_max_length	2026-06-01 21:38:30.382739+00
16	auth	0011_update_proxy_permissions	2026-06-01 21:38:30.400758+00
17	auth	0012_alter_user_first_name_max_length	2026-06-01 21:38:30.41333+00
18	core	0001_initial	2026-06-01 21:38:30.429744+00
19	core	0002_dish_short_description_dish_short_description_en_and_more	2026-06-01 21:38:30.459372+00
20	core	0003_category_icon_dish_image_2_dish_image_3_and_more	2026-06-01 21:38:30.476431+00
21	core	0004_combocategory_combo	2026-06-01 21:38:30.499937+00
22	sessions	0001_initial	2026-06-01 21:38:30.510819+00
23	core	0005_rename_description_kg_category_description_ky_and_more	2026-06-01 22:44:14.246334+00
24	core	0006_tag_dish_tags	2026-06-02 13:59:46.457896+00
25	core	0007_tag_color_bg_tag_color_text_tag_show_on_card	2026-06-02 14:24:48.663933+00
26	core	0008_alter_tag_options_tag_title_ru_alter_tag_title_en_and_more	2026-06-02 15:46:22.243631+00
27	core	0009_tag_color_bg_hex_alter_tag_color_bg	2026-06-02 15:52:49.9134+00
28	core	0010_alter_tag_color_bg	2026-06-02 16:58:42.855126+00
29	core	0011_tag_opacity	2026-06-02 17:27:20.186938+00
30	orders	0001_initial	2026-07-04 22:59:46.919716+00
31	core	0012_dish_weight_alter_dish_image	2026-07-06 07:45:47.896345+00
\.


--
-- Data for Name: django_session; Type: TABLE DATA; Schema: public; Owner: -
--

COPY public.django_session (session_key, session_data, expire_date) FROM stdin;
iv16qvg05msh0r9leprnnrb2ahnrceik	.eJxVjEEOwiAQRe_C2pBSKDgu3XsGMsMMUjUlKe3KeHfbpAvd_vfef6uI61Li2mSOI6uLMur0uxGmp0w74AdO96pTnZZ5JL0r-qBN3yrL63q4fwcFW9lqx5aQTMgifepM7gQAnHgemCU4gB5SIhS_cToLuBw8YR7E9E6cterzBRQIOQY:1wUAOV:0HXdD4u1o7IvRQJc5w7sa6RaMSAFmAqVBTxHyuG9U0w	2026-06-15 21:41:59.12461+00
5bt2fst1clbzzpzzcx5ps6ndysrzd1w5	.eJxVjEEOwiAQRe_C2pBSKDgu3XsGMsMMUjUlKe3KeHfbpAvd_vfef6uI61Li2mSOI6uLMur0uxGmp0w74AdO96pTnZZ5JL0r-qBN3yrL63q4fwcFW9lqx5aQTMgifepM7gQAnHgemCU4gB5SIhS_cToLuBw8YR7E9E6cterzBRQIOQY:1wUAS8:WujZierUt1Gn0UuAvMUlwlu8T5p9sQMh5VXro5w5lDA	2026-06-15 21:45:44.231651+00
833wnuu5elnibdve9d175awufgims64d	.eJxVjEEOwiAQRe_C2pDCOFBcuu8ZCAyDVA0kpV0Z765NutDtf-_9l_BhW4vfOi9-TuIitDj9bjHQg-sO0j3UW5PU6rrMUe6KPGiXU0v8vB7u30EJvXzrMzujLJiIRjt0jDZag5CcATIuB0CreQTOg4LAioeRCDEROYg5sRXvD78ON8Y:1wfiou:qu80ZoYsGZ4wPUYm1XoyAfFHljZiRT4I9ZbPQXPea0w	2026-07-17 18:41:00.981231+00
pdb1b0g291ecyb8e6gvu2atcdpwtw6o8	.eJxVjEEOwiAQRe_C2pDCOFBcuu8ZCAyDVA0kpV0Z765NutDtf-_9l_BhW4vfOi9-TuIitDj9bjHQg-sO0j3UW5PU6rrMUe6KPGiXU0v8vB7u30EJvXzrMzujLJiIRjt0jDZag5CcATIuB0CreQTOg4LAioeRCDEROYg5sRXvD78ON8Y:1wghKS:pF8BnEBBKhmUWkuj0uImxgl-rv9B_BtaAMMaW7T-rPY	2026-07-20 11:17:36.895646+00
tvy9hknup61ngi6jhc2l6zyhdgtwpr64	.eJxVjEEOwiAQRe_C2pDCOFBcuu8ZCAyDVA0kpV0Z765NutDtf-_9l_BhW4vfOi9-TuIitDj9bjHQg-sO0j3UW5PU6rrMUe6KPGiXU0v8vB7u30EJvXzrMzujLJiIRjt0jDZag5CcATIuB0CreQTOg4LAioeRCDEROYg5sRXvD78ON8Y:1wmVTF:Fzs4lTj1V7GzwdIe31JROx0EwbW6i0ZHrZdpCmUzte8	2026-08-05 11:50:41.527924+00
f4bbgucf22p17hfpegutcv47txcq2azt	.eJxVjEEOwiAQRe_C2pDCOFBcuu8ZCAyDVA0kpV0Z765NutDtf-_9l_BhW4vfOi9-TuIitDj9bjHQg-sO0j3UW5PU6rrMUe6KPGiXU0v8vB7u30EJvXzrMzujLJiIRjt0jDZag5CcATIuB0CreQTOg4LAioeRCDEROYg5sRXvD78ON8Y:1wmnmo:Zd13p4OUUPkvqwY2rd9t3HG0f-3iTZ8jkvASbXguSGw	2026-08-06 07:24:06.612889+00
633kes3k33tzgtqj0lg29g266uje48ae	.eJxVjEEOwiAQRe_C2pDCOFBcuu8ZCAyDVA0kpV0Z765NutDtf-_9l_BhW4vfOi9-TuIitDj9bjHQg-sO0j3UW5PU6rrMUe6KPGiXU0v8vB7u30EJvXzrMzujLJiIRjt0jDZag5CcATIuB0CreQTOg4LAioeRCDEROYg5sRXvD78ON8Y:1wmo4z:CeqabILBvFisnA8ek9MmXEVSEpwcVXoQE52_1XPbn3U	2026-08-06 07:42:53.011402+00
dhbp8ginbmp9gms9daciaxxocvk9imd0	.eJxVjEEOwiAQRe_C2pDCOFBcuu8ZCAyDVA0kpV0Z765NutDtf-_9l_BhW4vfOi9-TuIitDj9bjHQg-sO0j3UW5PU6rrMUe6KPGiXU0v8vB7u30EJvXzrMzujLJiIRjt0jDZag5CcATIuB0CreQTOg4LAioeRCDEROYg5sRXvD78ON8Y:1wmoL1:AcMNWN8ODncREtvobZq7AA1hlxMDDQ5o_oDzlZJSOiQ	2026-08-06 07:59:27.313082+00
6v4ynmy84sjwe6a2zuvcpfzd1yii2q7e	.eJxVjEEOwiAQRe_C2pBSKDgu3XsGMsMMUjUlKe3KeHfbpAvd_vfef6uI61Li2mSOI6uLMur0uxGmp0w74AdO96pTnZZ5JL0r-qBN3yrL63q4fwcFW9lqx5aQTMgifepM7gQAnHgemCU4gB5SIhS_cToLuBw8YR7E9E6cterzBRQIOQY:1wmsow:kaytcl-Ew9xQSIEBAkg1wKRhPd_4CGZWP1CRZnyFock	2026-08-06 12:46:38.885125+00
ar19ipv20zgv5vuohnh1xgfjl80dr0ps	.eJxVjEEOwiAQRe_C2pBSKDgu3XsGMsMMUjUlKe3KeHfbpAvd_vfef6uI61Li2mSOI6uLMur0uxGmp0w74AdO96pTnZZ5JL0r-qBN3yrL63q4fwcFW9lqx5aQTMgifepM7gQAnHgemCU4gB5SIhS_cToLuBw8YR7E9E6cterzBRQIOQY:1wmspJ:souSnhnJxJG7Shp3Ya88S9Hll2NAFMQAgi8MWKR6AF8	2026-08-06 12:47:01.770619+00
lq8zx8dmuh5baunx9ptlaolc6t61phyy	.eJxVjEEOwiAQRe_C2pBSKDgu3XsGMsMMUjUlKe3KeHfbpAvd_vfef6uI61Li2mSOI6uLMur0uxGmp0w74AdO96pTnZZ5JL0r-qBN3yrL63q4fwcFW9lqx5aQTMgifepM7gQAnHgemCU4gB5SIhS_cToLuBw8YR7E9E6cterzBRQIOQY:1wmsrT:AU9X1dnGU5ggRomgu_mz1EO3RtlWe0nnan23ZpndPm8	2026-08-06 12:49:15.717583+00
jjxry955vwig2yk8jp5r5vkafqohxt7e	.eJxVjEEOwiAQRe_C2pBSKDgu3XsGMsMMUjUlKe3KeHfbpAvd_vfef6uI61Li2mSOI6uLMur0uxGmp0w74AdO96pTnZZ5JL0r-qBN3yrL63q4fwcFW9lqx5aQTMgifepM7gQAnHgemCU4gB5SIhS_cToLuBw8YR7E9E6cterzBRQIOQY:1wmsre:UAoUFzgP_XVp_uQmT4CVgEf9Nf9KwKLtCSjJDVeejI0	2026-08-06 12:49:26.328473+00
\.


--
-- Data for Name: orders_order; Type: TABLE DATA; Schema: public; Owner: -
--

COPY public.orders_order (id, customer_name, customer_phone, address, comment, total_amount, status, created_at, updated_at) FROM stdin;
\.


--
-- Data for Name: orders_orderitem; Type: TABLE DATA; Schema: public; Owner: -
--

COPY public.orders_orderitem (id, dish_name, price, quantity, dish_id, order_id) FROM stdin;
\.


--
-- Name: auth_group_id_seq; Type: SEQUENCE SET; Schema: public; Owner: -
--

SELECT pg_catalog.setval('public.auth_group_id_seq', 1, false);


--
-- Name: auth_group_permissions_id_seq; Type: SEQUENCE SET; Schema: public; Owner: -
--

SELECT pg_catalog.setval('public.auth_group_permissions_id_seq', 1, false);


--
-- Name: auth_permission_id_seq; Type: SEQUENCE SET; Schema: public; Owner: -
--

SELECT pg_catalog.setval('public.auth_permission_id_seq', 52, true);


--
-- Name: auth_user_groups_id_seq; Type: SEQUENCE SET; Schema: public; Owner: -
--

SELECT pg_catalog.setval('public.auth_user_groups_id_seq', 1, false);


--
-- Name: auth_user_id_seq; Type: SEQUENCE SET; Schema: public; Owner: -
--

SELECT pg_catalog.setval('public.auth_user_id_seq', 2, true);


--
-- Name: auth_user_user_permissions_id_seq; Type: SEQUENCE SET; Schema: public; Owner: -
--

SELECT pg_catalog.setval('public.auth_user_user_permissions_id_seq', 1, false);


--
-- Name: core_category_id_seq; Type: SEQUENCE SET; Schema: public; Owner: -
--

SELECT pg_catalog.setval('public.core_category_id_seq', 140, true);


--
-- Name: core_combo_dishes_id_seq; Type: SEQUENCE SET; Schema: public; Owner: -
--

SELECT pg_catalog.setval('public.core_combo_dishes_id_seq', 1, false);


--
-- Name: core_combo_id_seq; Type: SEQUENCE SET; Schema: public; Owner: -
--

SELECT pg_catalog.setval('public.core_combo_id_seq', 1, false);


--
-- Name: core_combocategory_id_seq; Type: SEQUENCE SET; Schema: public; Owner: -
--

SELECT pg_catalog.setval('public.core_combocategory_id_seq', 1, false);


--
-- Name: core_dish_id_seq; Type: SEQUENCE SET; Schema: public; Owner: -
--

SELECT pg_catalog.setval('public.core_dish_id_seq', 1211, true);


--
-- Name: core_dish_tags_id_seq; Type: SEQUENCE SET; Schema: public; Owner: -
--

SELECT pg_catalog.setval('public.core_dish_tags_id_seq', 1, true);


--
-- Name: core_tag_id_seq; Type: SEQUENCE SET; Schema: public; Owner: -
--

SELECT pg_catalog.setval('public.core_tag_id_seq', 17, true);


--
-- Name: django_admin_log_id_seq; Type: SEQUENCE SET; Schema: public; Owner: -
--

SELECT pg_catalog.setval('public.django_admin_log_id_seq', 63, true);


--
-- Name: django_content_type_id_seq; Type: SEQUENCE SET; Schema: public; Owner: -
--

SELECT pg_catalog.setval('public.django_content_type_id_seq', 13, true);


--
-- Name: django_migrations_id_seq; Type: SEQUENCE SET; Schema: public; Owner: -
--

SELECT pg_catalog.setval('public.django_migrations_id_seq', 31, true);


--
-- Name: orders_order_id_seq; Type: SEQUENCE SET; Schema: public; Owner: -
--

SELECT pg_catalog.setval('public.orders_order_id_seq', 1, false);


--
-- Name: orders_orderitem_id_seq; Type: SEQUENCE SET; Schema: public; Owner: -
--

SELECT pg_catalog.setval('public.orders_orderitem_id_seq', 1, false);


--
-- Name: auth_group auth_group_name_key; Type: CONSTRAINT; Schema: public; Owner: -
--

ALTER TABLE ONLY public.auth_group
    ADD CONSTRAINT auth_group_name_key UNIQUE (name);


--
-- Name: auth_group_permissions auth_group_permissions_group_id_permission_id_0cd325b0_uniq; Type: CONSTRAINT; Schema: public; Owner: -
--

ALTER TABLE ONLY public.auth_group_permissions
    ADD CONSTRAINT auth_group_permissions_group_id_permission_id_0cd325b0_uniq UNIQUE (group_id, permission_id);


--
-- Name: auth_group_permissions auth_group_permissions_pkey; Type: CONSTRAINT; Schema: public; Owner: -
--

ALTER TABLE ONLY public.auth_group_permissions
    ADD CONSTRAINT auth_group_permissions_pkey PRIMARY KEY (id);


--
-- Name: auth_group auth_group_pkey; Type: CONSTRAINT; Schema: public; Owner: -
--

ALTER TABLE ONLY public.auth_group
    ADD CONSTRAINT auth_group_pkey PRIMARY KEY (id);


--
-- Name: auth_permission auth_permission_content_type_id_codename_01ab375a_uniq; Type: CONSTRAINT; Schema: public; Owner: -
--

ALTER TABLE ONLY public.auth_permission
    ADD CONSTRAINT auth_permission_content_type_id_codename_01ab375a_uniq UNIQUE (content_type_id, codename);


--
-- Name: auth_permission auth_permission_pkey; Type: CONSTRAINT; Schema: public; Owner: -
--

ALTER TABLE ONLY public.auth_permission
    ADD CONSTRAINT auth_permission_pkey PRIMARY KEY (id);


--
-- Name: auth_user_groups auth_user_groups_pkey; Type: CONSTRAINT; Schema: public; Owner: -
--

ALTER TABLE ONLY public.auth_user_groups
    ADD CONSTRAINT auth_user_groups_pkey PRIMARY KEY (id);


--
-- Name: auth_user_groups auth_user_groups_user_id_group_id_94350c0c_uniq; Type: CONSTRAINT; Schema: public; Owner: -
--

ALTER TABLE ONLY public.auth_user_groups
    ADD CONSTRAINT auth_user_groups_user_id_group_id_94350c0c_uniq UNIQUE (user_id, group_id);


--
-- Name: auth_user auth_user_pkey; Type: CONSTRAINT; Schema: public; Owner: -
--

ALTER TABLE ONLY public.auth_user
    ADD CONSTRAINT auth_user_pkey PRIMARY KEY (id);


--
-- Name: auth_user_user_permissions auth_user_user_permissions_pkey; Type: CONSTRAINT; Schema: public; Owner: -
--

ALTER TABLE ONLY public.auth_user_user_permissions
    ADD CONSTRAINT auth_user_user_permissions_pkey PRIMARY KEY (id);


--
-- Name: auth_user_user_permissions auth_user_user_permissions_user_id_permission_id_14a6b632_uniq; Type: CONSTRAINT; Schema: public; Owner: -
--

ALTER TABLE ONLY public.auth_user_user_permissions
    ADD CONSTRAINT auth_user_user_permissions_user_id_permission_id_14a6b632_uniq UNIQUE (user_id, permission_id);


--
-- Name: auth_user auth_user_username_key; Type: CONSTRAINT; Schema: public; Owner: -
--

ALTER TABLE ONLY public.auth_user
    ADD CONSTRAINT auth_user_username_key UNIQUE (username);


--
-- Name: core_category core_category_pkey; Type: CONSTRAINT; Schema: public; Owner: -
--

ALTER TABLE ONLY public.core_category
    ADD CONSTRAINT core_category_pkey PRIMARY KEY (id);


--
-- Name: core_combo_dishes core_combo_dishes_combo_id_dish_id_6102d2ab_uniq; Type: CONSTRAINT; Schema: public; Owner: -
--

ALTER TABLE ONLY public.core_combo_dishes
    ADD CONSTRAINT core_combo_dishes_combo_id_dish_id_6102d2ab_uniq UNIQUE (combo_id, dish_id);


--
-- Name: core_combo_dishes core_combo_dishes_pkey; Type: CONSTRAINT; Schema: public; Owner: -
--

ALTER TABLE ONLY public.core_combo_dishes
    ADD CONSTRAINT core_combo_dishes_pkey PRIMARY KEY (id);


--
-- Name: core_combo core_combo_pkey; Type: CONSTRAINT; Schema: public; Owner: -
--

ALTER TABLE ONLY public.core_combo
    ADD CONSTRAINT core_combo_pkey PRIMARY KEY (id);


--
-- Name: core_combocategory core_combocategory_pkey; Type: CONSTRAINT; Schema: public; Owner: -
--

ALTER TABLE ONLY public.core_combocategory
    ADD CONSTRAINT core_combocategory_pkey PRIMARY KEY (id);


--
-- Name: core_dish core_dish_pkey; Type: CONSTRAINT; Schema: public; Owner: -
--

ALTER TABLE ONLY public.core_dish
    ADD CONSTRAINT core_dish_pkey PRIMARY KEY (id);


--
-- Name: core_dish_tags core_dish_tags_dish_id_tag_id_bebbc3c5_uniq; Type: CONSTRAINT; Schema: public; Owner: -
--

ALTER TABLE ONLY public.core_dish_tags
    ADD CONSTRAINT core_dish_tags_dish_id_tag_id_bebbc3c5_uniq UNIQUE (dish_id, tag_id);


--
-- Name: core_dish_tags core_dish_tags_pkey; Type: CONSTRAINT; Schema: public; Owner: -
--

ALTER TABLE ONLY public.core_dish_tags
    ADD CONSTRAINT core_dish_tags_pkey PRIMARY KEY (id);


--
-- Name: core_tag core_tag_pkey; Type: CONSTRAINT; Schema: public; Owner: -
--

ALTER TABLE ONLY public.core_tag
    ADD CONSTRAINT core_tag_pkey PRIMARY KEY (id);


--
-- Name: django_admin_log django_admin_log_pkey; Type: CONSTRAINT; Schema: public; Owner: -
--

ALTER TABLE ONLY public.django_admin_log
    ADD CONSTRAINT django_admin_log_pkey PRIMARY KEY (id);


--
-- Name: django_content_type django_content_type_app_label_model_76bd3d3b_uniq; Type: CONSTRAINT; Schema: public; Owner: -
--

ALTER TABLE ONLY public.django_content_type
    ADD CONSTRAINT django_content_type_app_label_model_76bd3d3b_uniq UNIQUE (app_label, model);


--
-- Name: django_content_type django_content_type_pkey; Type: CONSTRAINT; Schema: public; Owner: -
--

ALTER TABLE ONLY public.django_content_type
    ADD CONSTRAINT django_content_type_pkey PRIMARY KEY (id);


--
-- Name: django_migrations django_migrations_pkey; Type: CONSTRAINT; Schema: public; Owner: -
--

ALTER TABLE ONLY public.django_migrations
    ADD CONSTRAINT django_migrations_pkey PRIMARY KEY (id);


--
-- Name: django_session django_session_pkey; Type: CONSTRAINT; Schema: public; Owner: -
--

ALTER TABLE ONLY public.django_session
    ADD CONSTRAINT django_session_pkey PRIMARY KEY (session_key);


--
-- Name: orders_order orders_order_pkey; Type: CONSTRAINT; Schema: public; Owner: -
--

ALTER TABLE ONLY public.orders_order
    ADD CONSTRAINT orders_order_pkey PRIMARY KEY (id);


--
-- Name: orders_orderitem orders_orderitem_pkey; Type: CONSTRAINT; Schema: public; Owner: -
--

ALTER TABLE ONLY public.orders_orderitem
    ADD CONSTRAINT orders_orderitem_pkey PRIMARY KEY (id);


--
-- Name: auth_group_name_a6ea08ec_like; Type: INDEX; Schema: public; Owner: -
--

CREATE INDEX auth_group_name_a6ea08ec_like ON public.auth_group USING btree (name varchar_pattern_ops);


--
-- Name: auth_group_permissions_group_id_b120cbf9; Type: INDEX; Schema: public; Owner: -
--

CREATE INDEX auth_group_permissions_group_id_b120cbf9 ON public.auth_group_permissions USING btree (group_id);


--
-- Name: auth_group_permissions_permission_id_84c5c92e; Type: INDEX; Schema: public; Owner: -
--

CREATE INDEX auth_group_permissions_permission_id_84c5c92e ON public.auth_group_permissions USING btree (permission_id);


--
-- Name: auth_permission_content_type_id_2f476e4b; Type: INDEX; Schema: public; Owner: -
--

CREATE INDEX auth_permission_content_type_id_2f476e4b ON public.auth_permission USING btree (content_type_id);


--
-- Name: auth_user_groups_group_id_97559544; Type: INDEX; Schema: public; Owner: -
--

CREATE INDEX auth_user_groups_group_id_97559544 ON public.auth_user_groups USING btree (group_id);


--
-- Name: auth_user_groups_user_id_6a12ed8b; Type: INDEX; Schema: public; Owner: -
--

CREATE INDEX auth_user_groups_user_id_6a12ed8b ON public.auth_user_groups USING btree (user_id);


--
-- Name: auth_user_user_permissions_permission_id_1fbb5f2c; Type: INDEX; Schema: public; Owner: -
--

CREATE INDEX auth_user_user_permissions_permission_id_1fbb5f2c ON public.auth_user_user_permissions USING btree (permission_id);


--
-- Name: auth_user_user_permissions_user_id_a95ead1b; Type: INDEX; Schema: public; Owner: -
--

CREATE INDEX auth_user_user_permissions_user_id_a95ead1b ON public.auth_user_user_permissions USING btree (user_id);


--
-- Name: auth_user_username_6821ab7c_like; Type: INDEX; Schema: public; Owner: -
--

CREATE INDEX auth_user_username_6821ab7c_like ON public.auth_user USING btree (username varchar_pattern_ops);


--
-- Name: core_combo_category_id_528edf04; Type: INDEX; Schema: public; Owner: -
--

CREATE INDEX core_combo_category_id_528edf04 ON public.core_combo USING btree (category_id);


--
-- Name: core_combo_dishes_combo_id_fa87a646; Type: INDEX; Schema: public; Owner: -
--

CREATE INDEX core_combo_dishes_combo_id_fa87a646 ON public.core_combo_dishes USING btree (combo_id);


--
-- Name: core_combo_dishes_dish_id_32bef464; Type: INDEX; Schema: public; Owner: -
--

CREATE INDEX core_combo_dishes_dish_id_32bef464 ON public.core_combo_dishes USING btree (dish_id);


--
-- Name: core_dish_category_id_229e3e0d; Type: INDEX; Schema: public; Owner: -
--

CREATE INDEX core_dish_category_id_229e3e0d ON public.core_dish USING btree (category_id);


--
-- Name: core_dish_tags_dish_id_9452be86; Type: INDEX; Schema: public; Owner: -
--

CREATE INDEX core_dish_tags_dish_id_9452be86 ON public.core_dish_tags USING btree (dish_id);


--
-- Name: core_dish_tags_tag_id_3c02adfa; Type: INDEX; Schema: public; Owner: -
--

CREATE INDEX core_dish_tags_tag_id_3c02adfa ON public.core_dish_tags USING btree (tag_id);


--
-- Name: django_admin_log_content_type_id_c4bce8eb; Type: INDEX; Schema: public; Owner: -
--

CREATE INDEX django_admin_log_content_type_id_c4bce8eb ON public.django_admin_log USING btree (content_type_id);


--
-- Name: django_admin_log_user_id_c564eba6; Type: INDEX; Schema: public; Owner: -
--

CREATE INDEX django_admin_log_user_id_c564eba6 ON public.django_admin_log USING btree (user_id);


--
-- Name: django_session_expire_date_a5c62663; Type: INDEX; Schema: public; Owner: -
--

CREATE INDEX django_session_expire_date_a5c62663 ON public.django_session USING btree (expire_date);


--
-- Name: django_session_session_key_c0390e0f_like; Type: INDEX; Schema: public; Owner: -
--

CREATE INDEX django_session_session_key_c0390e0f_like ON public.django_session USING btree (session_key varchar_pattern_ops);


--
-- Name: orders_orderitem_dish_id_a7496bf4; Type: INDEX; Schema: public; Owner: -
--

CREATE INDEX orders_orderitem_dish_id_a7496bf4 ON public.orders_orderitem USING btree (dish_id);


--
-- Name: orders_orderitem_order_id_fe61a34d; Type: INDEX; Schema: public; Owner: -
--

CREATE INDEX orders_orderitem_order_id_fe61a34d ON public.orders_orderitem USING btree (order_id);


--
-- Name: auth_group_permissions auth_group_permissio_permission_id_84c5c92e_fk_auth_perm; Type: FK CONSTRAINT; Schema: public; Owner: -
--

ALTER TABLE ONLY public.auth_group_permissions
    ADD CONSTRAINT auth_group_permissio_permission_id_84c5c92e_fk_auth_perm FOREIGN KEY (permission_id) REFERENCES public.auth_permission(id) DEFERRABLE INITIALLY DEFERRED;


--
-- Name: auth_group_permissions auth_group_permissions_group_id_b120cbf9_fk_auth_group_id; Type: FK CONSTRAINT; Schema: public; Owner: -
--

ALTER TABLE ONLY public.auth_group_permissions
    ADD CONSTRAINT auth_group_permissions_group_id_b120cbf9_fk_auth_group_id FOREIGN KEY (group_id) REFERENCES public.auth_group(id) DEFERRABLE INITIALLY DEFERRED;


--
-- Name: auth_permission auth_permission_content_type_id_2f476e4b_fk_django_co; Type: FK CONSTRAINT; Schema: public; Owner: -
--

ALTER TABLE ONLY public.auth_permission
    ADD CONSTRAINT auth_permission_content_type_id_2f476e4b_fk_django_co FOREIGN KEY (content_type_id) REFERENCES public.django_content_type(id) DEFERRABLE INITIALLY DEFERRED;


--
-- Name: auth_user_groups auth_user_groups_group_id_97559544_fk_auth_group_id; Type: FK CONSTRAINT; Schema: public; Owner: -
--

ALTER TABLE ONLY public.auth_user_groups
    ADD CONSTRAINT auth_user_groups_group_id_97559544_fk_auth_group_id FOREIGN KEY (group_id) REFERENCES public.auth_group(id) DEFERRABLE INITIALLY DEFERRED;


--
-- Name: auth_user_groups auth_user_groups_user_id_6a12ed8b_fk_auth_user_id; Type: FK CONSTRAINT; Schema: public; Owner: -
--

ALTER TABLE ONLY public.auth_user_groups
    ADD CONSTRAINT auth_user_groups_user_id_6a12ed8b_fk_auth_user_id FOREIGN KEY (user_id) REFERENCES public.auth_user(id) DEFERRABLE INITIALLY DEFERRED;


--
-- Name: auth_user_user_permissions auth_user_user_permi_permission_id_1fbb5f2c_fk_auth_perm; Type: FK CONSTRAINT; Schema: public; Owner: -
--

ALTER TABLE ONLY public.auth_user_user_permissions
    ADD CONSTRAINT auth_user_user_permi_permission_id_1fbb5f2c_fk_auth_perm FOREIGN KEY (permission_id) REFERENCES public.auth_permission(id) DEFERRABLE INITIALLY DEFERRED;


--
-- Name: auth_user_user_permissions auth_user_user_permissions_user_id_a95ead1b_fk_auth_user_id; Type: FK CONSTRAINT; Schema: public; Owner: -
--

ALTER TABLE ONLY public.auth_user_user_permissions
    ADD CONSTRAINT auth_user_user_permissions_user_id_a95ead1b_fk_auth_user_id FOREIGN KEY (user_id) REFERENCES public.auth_user(id) DEFERRABLE INITIALLY DEFERRED;


--
-- Name: core_combo core_combo_category_id_528edf04_fk_core_combocategory_id; Type: FK CONSTRAINT; Schema: public; Owner: -
--

ALTER TABLE ONLY public.core_combo
    ADD CONSTRAINT core_combo_category_id_528edf04_fk_core_combocategory_id FOREIGN KEY (category_id) REFERENCES public.core_combocategory(id) DEFERRABLE INITIALLY DEFERRED;


--
-- Name: core_combo_dishes core_combo_dishes_combo_id_fa87a646_fk_core_combo_id; Type: FK CONSTRAINT; Schema: public; Owner: -
--

ALTER TABLE ONLY public.core_combo_dishes
    ADD CONSTRAINT core_combo_dishes_combo_id_fa87a646_fk_core_combo_id FOREIGN KEY (combo_id) REFERENCES public.core_combo(id) DEFERRABLE INITIALLY DEFERRED;


--
-- Name: core_combo_dishes core_combo_dishes_dish_id_32bef464_fk_core_dish_id; Type: FK CONSTRAINT; Schema: public; Owner: -
--

ALTER TABLE ONLY public.core_combo_dishes
    ADD CONSTRAINT core_combo_dishes_dish_id_32bef464_fk_core_dish_id FOREIGN KEY (dish_id) REFERENCES public.core_dish(id) DEFERRABLE INITIALLY DEFERRED;


--
-- Name: core_dish core_dish_category_id_229e3e0d_fk_core_category_id; Type: FK CONSTRAINT; Schema: public; Owner: -
--

ALTER TABLE ONLY public.core_dish
    ADD CONSTRAINT core_dish_category_id_229e3e0d_fk_core_category_id FOREIGN KEY (category_id) REFERENCES public.core_category(id) DEFERRABLE INITIALLY DEFERRED;


--
-- Name: core_dish_tags core_dish_tags_dish_id_9452be86_fk_core_dish_id; Type: FK CONSTRAINT; Schema: public; Owner: -
--

ALTER TABLE ONLY public.core_dish_tags
    ADD CONSTRAINT core_dish_tags_dish_id_9452be86_fk_core_dish_id FOREIGN KEY (dish_id) REFERENCES public.core_dish(id) DEFERRABLE INITIALLY DEFERRED;


--
-- Name: core_dish_tags core_dish_tags_tag_id_3c02adfa_fk_core_tag_id; Type: FK CONSTRAINT; Schema: public; Owner: -
--

ALTER TABLE ONLY public.core_dish_tags
    ADD CONSTRAINT core_dish_tags_tag_id_3c02adfa_fk_core_tag_id FOREIGN KEY (tag_id) REFERENCES public.core_tag(id) DEFERRABLE INITIALLY DEFERRED;


--
-- Name: django_admin_log django_admin_log_content_type_id_c4bce8eb_fk_django_co; Type: FK CONSTRAINT; Schema: public; Owner: -
--

ALTER TABLE ONLY public.django_admin_log
    ADD CONSTRAINT django_admin_log_content_type_id_c4bce8eb_fk_django_co FOREIGN KEY (content_type_id) REFERENCES public.django_content_type(id) DEFERRABLE INITIALLY DEFERRED;


--
-- Name: django_admin_log django_admin_log_user_id_c564eba6_fk_auth_user_id; Type: FK CONSTRAINT; Schema: public; Owner: -
--

ALTER TABLE ONLY public.django_admin_log
    ADD CONSTRAINT django_admin_log_user_id_c564eba6_fk_auth_user_id FOREIGN KEY (user_id) REFERENCES public.auth_user(id) DEFERRABLE INITIALLY DEFERRED;


--
-- Name: orders_orderitem orders_orderitem_dish_id_a7496bf4_fk_core_dish_id; Type: FK CONSTRAINT; Schema: public; Owner: -
--

ALTER TABLE ONLY public.orders_orderitem
    ADD CONSTRAINT orders_orderitem_dish_id_a7496bf4_fk_core_dish_id FOREIGN KEY (dish_id) REFERENCES public.core_dish(id) DEFERRABLE INITIALLY DEFERRED;


--
-- Name: orders_orderitem orders_orderitem_order_id_fe61a34d_fk_orders_order_id; Type: FK CONSTRAINT; Schema: public; Owner: -
--

ALTER TABLE ONLY public.orders_orderitem
    ADD CONSTRAINT orders_orderitem_order_id_fe61a34d_fk_orders_order_id FOREIGN KEY (order_id) REFERENCES public.orders_order(id) DEFERRABLE INITIALLY DEFERRED;


--
-- PostgreSQL database dump complete
--

\unrestrict BXJNC3NM1zj2HTuw4m3Qq0SWX5i2Ef5eW7o1BuhCPNW5UOyIjILa4TgjNpTFo0K

